C1,66.0
C1,64.3
C1,64.3
C1,66.0
C1,65.9
C1,65.9
B0,61.7
B0,62.3
D1,71.6
D1,73.0
C#1,68.0
B0,63.0
B0,62.9
A1,108.1
B0,63.3
B0,63.0
B0,62.4
D#2,153.0
B0,63.2
D#1,76.0
B0,62.0
C1,63.9
C#1,68.0
B0,63.2
C#1,68.0
C#1,68.0
C#1,68.1
C#1,69.3
C1,66.3
C1,66.3
C#1,68.0
C1,67.1
C1,65.4
C1,65.0
B0,63.1
C1,64.4
D1,75.0
B0,63.2
C1,64.1
C1,65.3
B0,63.1
C#1,67.9
C#1,68.4
C1,67.1
C1,65.0
C1,66.0
A#1,115.7
C1,65.6
D2,144.4
D2,150.1
D#1,76.9
D#1,76.3
F2,177.0
B0,62.6
B0,62.7
C1,65.4
B0,62.7
B0,62.3
B0,62.4
B0,61.9
B0,62.8
C1,64.6
C1,64.2
C1,64.1
C#1,70.8
C#1,68.3
C1,65.6
E1,83.0
E1,82.1
E1,82.0
C1,65.2
D1,74.0
D1,74.1
B0,62.8
B0,62.2
D2,145.7
B0,62.3
B0,61.9
D1,74.6
D1,75.0
D2,149.0
D1,74.0
D1,75.0
E2,163.1
A#1,114.0
C1,65.6
C1,64.4
C1,65.4
C#2,142.0
B0,62.3
D1,73.1
B0,63.1
C1,66.7
C#1,70.1
D1,73.6
C1,65.9
C1,65.2
C1,64.1
C1,65.6
C1,66.0
C1,66.3
B0,62.6
B0,61.6
B0,61.6
C#1,71.1
B0,62.7
B0,62.2
B0,63.2
B0,63.2
B0,63.1
B0,63.1
C1,66.2
C1,66.0
C1,65.2
C#1,70.9
C1,66.7
C1,67.0
C#1,71.1
B0,62.4
B0,62.3
C1,66.6
C1,66.2
C1,66.6
C1,66.4
C#1,67.7
C#1,70.4
C#1,70.9
D#1,79.3
D#1,79.2
D#1,79.0
D#1,79.2
D#1,79.2
D#1,78.4
B0,62.0
B0,62.9
B1,122.1
D1,73.6
F#1,92.0
B0,61.9
D#1,78.0
D#1,79.0
D#1,78.0
G#1,105.1
C1,64.4
B0,62.6
C1,66.8
C1,66.8
C1,66.9
C1,66.4
C1,66.7
C1,67.0
D1,71.4
C#1,71.2
C#1,71.2
C#1,70.4
C#1,68.6
C#1,70.4
C#1,70.4
C#1,70.3
B0,62.9
B0,62.0
B0,62.0
B0,62.3
B0,63.2
B0,62.8
B0,62.4
C1,65.2
C1,64.6
B0,63.3
B0,62.9
B0,62.4
B0,62.6
C1,64.4
C1,65.6
B0,62.6
B0,62.6
B0,62.6
B0,63.1
B0,62.4
B0,62.8
C#1,69.6
C1,63.8
C1,63.9
B0,63.3
C#1,67.6
C#1,67.7
C#1,67.7
C1,65.7
C1,65.0
C1,65.6
C1,66.3
C1,66.4
B0,63.0
B0,62.1
B0,62.3
B0,62.3
C1,63.6
B0,63.2
B0,63.1
D1,73.4
D1,72.9
C#1,68.9
B0,62.2
B0,62.2
B0,62.7
C1,65.3
B0,62.0
B0,61.9
B0,62.0
B2,247.0
C1,64.3
C1,64.3
C1,63.8
B0,61.9
B0,62.0
B0,61.8
B0,62.6
C1,65.6
B0,61.8
B0,62.4
B0,61.8
B0,63.2
B0,63.2
B0,63.2
B0,63.1
C1,64.7
C1,64.9
C1,65.3
C#1,69.7
C#1,70.2
C1,64.0
B0,62.6
B0,63.2
C1,64.4
C1,64.4
C1,64.0
C1,64.0
B0,63.3
C#1,69.6
C#1,70.4
C#1,67.6
C#1,67.7
C#1,67.7
D#1,77.3
B0,63.0
D#4,623.3
B0,62.3
B0,62.2
C#1,68.1
C#1,67.7
C1,65.2
C1,65.7
C#1,71.0
D1,72.0
D3,292.4
E1,81.2
C#1,71.0
C#1,70.7
C#1,69.8
C#1,67.6
C#1,70.0
B0,63.3
C#1,67.8
C1,65.3
C1,65.7
B0,62.2
C1,65.9
C1,65.6
C#1,71.0
C#1,70.2
C#1,69.9
C#1,70.0
C#1,70.0
D1,72.1
D2,146.6
D2,146.8
C1,66.3
C1,66.3
D3,300.0
D3,302.2
A#1,114.4
A#1,114.6
A#1,114.7
D2,148.9
D2,148.6
C1,67.0
C1,66.6
B0,62.3
C1,66.3
B0,62.9
C#3,283.2
C#3,283.2
C#2,141.7
C#1,70.1
C#1,70.9
C#1,70.9
B0,62.9
C#2,141.7
C#1,70.8
C#1,70.1
C#1,70.1
C#1,70.9
C#1,70.9
C#1,70.2
C#1,70.1
C#1,70.1
C#1,70.8
B0,62.9
B0,61.8
C#1,67.8
C#1,67.8
C#1,70.9
C#1,70.9
C#1,71.0
C#1,70.4
B0,62.4
B0,62.4
B0,62.6
G1,99.8
G#1,101.1
G#1,101.1
D#1,77.7
D#3,313.7
D#1,77.4
D#1,78.0
D#1,77.0
D#1,76.7
D#1,75.9
C1,65.0
C1,65.3
C1,64.9
C1,64.9
C1,63.8
C1,64.0
C1,64.0
C1,65.2
C1,64.0
C1,63.7
B0,62.6
C1,63.7
C#1,70.3
C1,64.7
C1,63.9
B0,63.1
B0,63.1
C#1,71.0
C#1,70.2
B0,63.0
B0,63.0
B0,62.4
B0,62.2
B0,63.1
B0,63.1
C1,67.1
B0,62.4
B0,62.8
C1,64.6
C1,65.1
B0,63.3
D#1,77.1
D#1,77.4
D#1,77.3
D#1,77.8
D#1,78.6
D#1,77.9
D#1,77.9
D#1,77.6
C1,63.9
C1,66.6
D1,72.1
D1,72.2
C#1,71.0
C#1,71.0
C#1,71.0
F#1,94.8
C1,63.8
C#1,71.0
C#1,71.1
F#1,94.8
D1,71.6
D1,72.0
D1,72.2
C#1,71.0
D1,74.0
D1,73.9
D#1,76.2
D#1,75.9
D#1,78.7
D#1,78.7
D#1,78.7
D#1,77.8
B0,63.1
C1,66.9
G#1,106.1
D1,72.1
D1,72.0
D1,72.0
C#1,68.2
C#1,67.9
C#1,67.9
C#1,70.4
G1,98.9
C#1,69.3
C#1,69.2
C#1,67.3
C#1,68.2
C#1,70.1
D#1,78.1
E1,84.3
E1,81.3
C1,66.0
C1,64.4
B0,61.7
B0,61.8
G1,95.4
B0,63.0
C1,63.7
C1,64.3
G#1,102.6
C1,64.4
C1,64.1
F#1,94.2
A#2,227.4
C#1,68.9
E1,82.0
G1,99.1
C#1,68.0
F1,85.0
D#1,78.9
C#1,70.0
B0,62.8
C#1,68.9
C#1,68.0
E1,83.7
E1,82.2
E1,82.4
A#1,118.7
D1,72.2
C1,64.0
C1,65.2
D1,74.8
E1,82.1
D1,71.3
D1,75.1
D1,74.7
B0,62.7
D1,73.8
D1,75.0
G1,98.3
G1,98.3
E1,80.6
C1,65.9
C1,66.1
C1,66.0
C1,64.9
C1,64.8
C1,64.9
C1,64.9
C#1,70.2
B0,62.9
B0,62.8
C1,64.2
C#1,71.2
C#1,71.2
C1,66.6
B0,62.1
A1,106.9
D#2,152.1
D#2,151.6
B0,63.2
C#1,69.1
D#1,77.0
D#1,77.3
D1,72.3
C1,64.7
C1,67.2
C1,66.0
C#1,67.3
C#1,67.4
C1,66.2
C1,66.0
C1,63.7
C1,64.4
C1,64.6
C#1,71.0
D1,71.4
C1,66.3
C1,66.0
C1,66.1
D1,71.7
D1,74.8
B0,61.9
C1,64.6
C1,63.8
B0,62.7
B0,62.4
F2,175.4
B0,62.9
C1,65.8
A#1,115.7
A#1,115.3
D1,73.4
F#1,93.0
F#1,94.0
F#1,91.0
F#1,91.0
F#1,93.7
C#1,70.3
C1,64.6
B0,63.1
C1,64.3
C1,65.3
D#1,79.1
D#1,78.9
E1,84.0
E1,84.0
E1,83.7
E1,83.4
E1,83.8
C#1,68.8
C1,65.8
B0,62.4
C#1,68.4
C#1,69.7
E1,82.2
C1,64.0
C1,65.9
C#1,68.6
C#1,69.9
A#1,118.9
E1,81.2
C#1,69.9
B0,63.0
B0,62.3
B0,62.3
C#1,67.4
E1,82.3
B0,62.0
B0,62.2
C1,65.6
C2,132.9
C1,66.8
C#1,67.8
E1,81.0
C#1,70.0
D1,73.3
B0,62.7
B0,62.6
B0,62.7
D#1,77.6
D#1,77.9
D#1,78.0
B0,62.7
B0,62.7
E1,81.3
E1,82.1
C#1,70.1
C#1,70.8
C#1,70.1
C1,66.4
B0,62.1
B0,62.4
C#1,70.3
C#1,70.2
C1,64.0
B0,62.7
D1,71.7
B0,62.1
D#1,79.0
D#1,78.6
B0,63.0
B0,63.0
C#1,71.1
D#1,75.7
B0,62.2
B0,62.3
B0,62.2
B0,62.7
C#1,67.9
C#1,70.3
G#1,103.0
D#1,78.8
D#1,78.8
D#1,78.8
D#1,78.8
D#1,78.8
F1,87.8
F1,85.0
F1,85.0
E1,84.0
C#1,70.8
D1,73.7
E1,83.4
C#1,70.7
C#1,70.1
C#1,71.1
C1,64.8
C1,64.8
D1,73.9
D1,73.9
D1,74.0
C1,65.8
B0,62.1
C#1,70.1
C#1,71.0
C#1,70.0
C#1,68.0
C#1,68.0
C#1,68.0
C#1,68.1
C#1,68.1
C#1,67.8
C1,64.6
D#1,78.6
C1,66.6
C1,65.7
C1,65.4
D1,71.9
D1,71.3
B0,63.0
B0,63.4
E1,80.3
E1,82.0
B1,120.0
D2,142.7
D1,72.0
B0,63.1
B0,63.4
B0,63.1
B0,63.2
B0,63.2
D1,73.6
D1,71.9
D1,72.2
D1,74.9
B0,62.7
B0,63.1
B0,63.1
C1,64.2
C1,64.4
D1,71.9
D1,72.1
D#1,79.3
C#1,67.6
B0,62.8
B0,63.3
C1,63.6
C1,64.2
C1,64.1
B0,63.1
B0,62.3
B0,62.6
C#2,138.9
B0,63.4
B0,63.4
B0,62.8
C#1,67.9
D1,74.6
C#1,70.3
B0,62.1
B0,62.6
B0,62.4
C1,63.9
C1,64.0
C1,65.2
C1,65.0
C1,65.4
B0,62.2
B0,62.8
C#1,69.4
F1,88.0
C1,63.9
B0,62.8
B0,63.4
B0,62.9
C#1,67.9
E1,84.7
E1,84.2
E1,82.8
C1,63.7
B0,63.4
C1,63.8
B0,62.2
C1,63.9
C1,67.0
C1,67.0
C1,67.0
C1,67.0
C1,67.0
C1,67.2
C1,67.0
C1,67.0
C1,66.8
G#1,104.2
C1,66.8
C1,66.8
C1,63.8
C1,66.7
G#1,105.6
B0,62.4
C1,67.1
G#1,102.9
C#1,70.0
C#1,70.1
B0,63.3
B0,63.4
C1,66.1
C1,63.7
C1,63.7
B0,63.0
B0,63.0
C1,63.9
C1,64.8
C1,66.7
C#1,67.7
C1,66.1
C1,66.3
A1,106.9
C#1,67.6
D1,72.0
D1,72.3
C1,66.7
B0,61.9
A#1,116.8
A#1,116.7
A#1,115.0
G#1,106.0
C1,66.2
C#1,69.6
B0,62.3
C1,63.9
C1,63.6
C#1,67.8
C#1,68.2
D2,143.2
D2,143.2
C#3,282.4
C#3,282.8
C#3,282.8
F#1,92.1
F1,87.2
F1,88.4
F1,87.4
A1,110.8
G#1,106.4
D#3,306.6
B0,62.1
C#2,141.7
A#1,115.3
C1,66.9
B0,62.3
B0,62.4
C1,63.6
C#1,70.9
D1,72.4
C#1,70.0
C#1,70.0
C1,64.1
C#1,71.0
B0,62.2
C#1,70.1
C#2,142.2
A#1,118.9
C#1,68.3
G#1,103.0
C#1,68.1
C#1,68.6
D#1,78.6
G#1,103.6
G1,100.2
D#1,78.0
D1,75.2
D1,74.7
D1,74.7
D1,74.4
D1,74.0
C1,64.0
B0,62.0
C#1,69.8
C#1,70.6
B0,62.3
B0,62.6
C1,65.0
D2,150.9
C#1,68.0
G#1,102.4
D#2,155.4
D#1,77.8
D#1,77.8
D#1,77.8
D#1,77.7
F1,85.2
D#2,153.6
D1,74.2
D1,74.2
D1,74.0
C1,63.6
C1,63.7
C1,63.6
C1,66.8
C#1,67.3
D1,72.3
D2,148.3
D2,148.3
D1,74.1
D3,302.1
D#3,306.6
D#3,306.8
D#3,312.6
D#3,313.3
D#1,77.8
D#3,312.0
D#3,315.6
D#1,77.9
D#1,77.7
D#1,78.3
D#1,78.1
D#1,77.7
D#1,77.6
D#1,76.3
D#3,305.9
D1,74.6
D1,74.6
D1,74.0
D1,74.1
D2,148.3
D2,147.3
C1,63.8
D2,145.0
C1,63.9
C1,64.0
D2,146.1
D1,73.4
D1,73.7
D1,74.0
D1,74.9
D#1,77.4
D#1,77.0
D#1,77.2
D#1,78.8
D#3,315.9
D#1,78.0
D#1,78.0
D#1,79.0
D#1,78.9
C#1,69.0
C2,66.2
D2,74.7
D2,74.0
D2,74.2
D2,74.2
D3,147.3
D3,146.8
C#2,70.7
C#2,71.2
B1,62.6
B1,62.6
B1,62.8
C2,65.2
B1,62.4
B1,63.4
D2,74.7
D2,74.1
D2,74.2
D2,73.8
D#2,77.7
D#2,77.8
C2,65.3
D#2,79.0
D#2,78.0
D#2,78.0
D#2,79.0
D#2,78.0
D#2,79.0
D#2,77.9
D#2,77.8
D#2,78.3
D#2,78.0
D#2,78.0
D#2,76.4
D#2,76.2
A#2,119.0
D3,147.8
D3,146.0
B1,63.1
C#2,70.7
C#2,70.7
C2,66.7
C2,66.6
C2,64.6
C2,64.7
C2,66.3
C2,66.3
C2,66.9
B1,62.7
C2,65.1
C2,65.2
C#2,70.6
C#2,70.4
C#2,68.6
D2,72.9
C2,67.0
C#2,70.6
D3,142.9
D3,142.8
C#2,71.0
C2,63.9
D4,294.4
D3,148.8
D2,74.4
D#4,305.2
D#4,306.3
D#4,305.8
D#4,308.0
D#4,309.8
D#2,79.0
B2,124.8
B2,125.0
B2,124.8
D#2,78.1
D#2,79.0
D#2,78.0
D#2,77.7
D#2,77.4
D#2,78.0
D#2,77.6
D#2,77.2
D#2,76.2
C#2,69.3
D2,73.9
C2,64.8
C2,64.7
C#2,71.0
D3,143.0
D3,142.9
C#2,70.6
C#2,70.7
C2,67.1
C#2,67.6
D3,143.0
D4,286.0
C#2,70.8
D2,74.2
D3,150.9
D3,150.6
D#2,77.0
D#2,78.9
D#2,79.0
D#2,79.0
D#2,78.1
D#2,79.1
D#2,79.1
D#2,79.0
D#2,78.8
A#2,116.2
A#2,116.1
A#2,115.3
D2,74.8
D2,74.3
B1,62.3
B1,62.1
B1,62.0
D3,143.4
D3,143.0
D3,143.0
D3,143.0
D3,143.0
D3,143.0
C#2,70.6
C#2,70.6
C#2,70.6
C2,63.7
C2,63.9
C2,64.1
C2,64.1
B1,62.6
B1,62.1
B1,63.3
B1,63.3
D#2,76.6
B1,62.8
B2,122.0
D#2,79.0
D#2,79.1
D#2,79.1
D#2,79.1
B1,62.7
D#2,79.1
D#2,79.1
D#2,79.1
D#2,79.1
B1,62.3
B1,62.2
D#2,77.9
D#2,77.9
C#2,67.6
G#2,101.3
D2,74.3
D2,74.1
D2,72.9
D3,143.6
E2,83.8
D3,143.0
A#2,116.0
D3,143.0
D3,143.0
C#2,70.6
C#2,70.6
D3,143.0
D4,286.0
D2,71.4
D3,143.0
C#2,70.6
C#2,70.6
C#2,70.6
D3,143.0
B1,62.3
D2,71.4
B1,62.4
B1,62.4
B1,62.4
B1,62.6
C#2,68.0
B1,62.7
B1,62.3
B1,62.2
B1,62.7
C#2,70.6
D2,71.7
D2,71.4
C#2,70.2
B1,61.9
D2,71.4
D2,71.4
C#2,69.6
C#2,70.4
C#2,67.8
C#2,67.8
C#2,70.6
C#2,70.6
B1,62.0
B1,62.7
B1,62.7
C#2,70.6
D2,72.3
D2,72.3
D2,71.4
B1,62.6
B1,62.1
B1,62.1
C2,64.0
C#2,69.7
D2,71.4
C#2,70.6
C#2,70.6
G2,95.3
G2,95.3
C#2,70.6
C#2,70.6
D3,143.0
G#2,101.8
G#2,103.8
C#2,70.6
C#2,70.6
A2,107.1
A2,112.3
C#2,70.4
C#2,68.3
C#2,68.3
C#2,70.3
C#2,70.3
C#2,71.1
C#2,70.6
C#2,70.6
C#2,70.6
C#2,70.6
D3,142.9
G3,197.7
G3,195.6
D3,142.9
A2,107.1
C#2,70.4
C#2,70.4
C#2,70.4
C#2,70.6
B1,63.3
B1,63.4
D2,71.4
C#2,70.6
C#2,70.6
C#2,70.4
C#2,70.4
C2,65.1
D2,71.4
D2,74.2
C#2,70.6
C#2,70.6
C#2,70.6
A3,214.3
D3,143.0
C2,63.6
D4,285.8
D3,142.8
B1,62.3
C#2,67.9
C#2,68.4
D3,142.9
D2,71.4
C#2,70.6
C#2,70.6
C#2,68.0
C#2,68.0
C#2,70.6
C#2,70.6
C#2,68.0
C#2,67.3
B1,62.3
B1,63.4
B1,61.7
B1,63.0
B1,62.7
C#2,70.6
C#2,70.6
C#2,70.6
D3,143.0
B1,62.0
B1,62.8
C#2,70.6
B1,62.8
B1,62.8
D2,74.4
B1,62.7
D2,74.8
D3,142.9
C#2,70.6
B1,62.3
C#2,70.6
B1,62.8
B1,62.7
B1,62.8
G2,95.3
C2,67.1
C#2,70.6
C#2,70.6
B1,62.7
C#2,70.6
C#2,70.6
B1,62.7
B1,62.7
B1,62.8
D2,74.4
B1,62.7
C2,63.9
C2,63.9
C2,65.4
C2,67.0
G2,95.2
D2,71.4
D3,143.0
D3,142.9
C#2,68.0
C#2,70.6
B1,62.7
B1,62.3
B1,62.7
B1,63.2
B1,61.9
B1,62.0
B1,63.0
C2,63.6
B1,62.0
D2,71.3
B1,62.1
B1,62.7
B1,61.9
D2,71.6
B1,62.7
B1,62.0
C#2,70.6
C#2,70.6
C#2,70.6
C#2,70.9
C#2,70.6
C#2,70.6
C#2,71.1
D2,71.4
C#2,70.7
C#2,70.6
C2,66.4
C2,67.2
C#2,70.6
D3,143.0
C#2,70.4
C#2,70.6
B1,62.1
D2,71.3
D2,71.4
A2,107.2
C#2,70.6
D2,71.4
D2,71.4
D2,71.4
C#2,67.4
C2,63.6
C2,63.6
C2,64.1
C2,66.4
C2,66.4
C2,66.7
B1,61.8
B1,62.7
B1,62.6
B1,62.8
B1,62.7
B1,62.1
B1,62.2
C#2,67.7
C#2,70.7
C#2,70.6
C#2,70.7
C#2,70.6
C#2,70.7
D3,150.7
D3,142.9
D2,71.4
D2,71.6
D2,71.4
B1,63.4
C2,63.6
B1,62.7
C#2,70.6
B1,63.0
C2,65.8
D3,143.0
B1,62.9
B1,62.0
B1,63.3
C#2,68.2
C#2,70.7
C#2,70.6
C#2,70.7
C#2,70.7
C#2,70.7
C2,64.1
C2,64.0
C#2,70.7
C#2,70.6
B1,62.8
B1,62.9
D3,143.0
C#2,70.6
B1,62.8
B1,62.7
B1,62.4
B1,63.0
C2,66.9
C2,64.2
D2,74.9
D2,73.8
C2,65.7
C2,66.4
D2,71.4
C#2,70.7
C#3,141.3
C#2,70.7
D2,71.6
C#2,70.7
D3,143.0
C#2,70.7
B1,63.4
B1,62.8
B1,62.8
D2,74.9
C#2,70.2
C#2,70.7
C#2,70.8
C#2,70.7
B1,63.3
B1,62.6
B1,62.2
B1,62.8
C#2,70.7
C#2,70.7
C2,66.9
D2,71.4
C#2,70.8
C#2,70.8
C#2,70.7
C#2,70.7
B1,62.0
B1,62.0
C#2,68.0
C#2,70.7
B1,62.8
B1,62.9
D3,143.0
C2,65.4
D2,74.6
D#4,303.2
D#2,76.8
D#4,313.8
D#2,79.0
D#2,79.0
D#2,79.1
D#2,78.2
D#2,79.2
D#2,78.3
D#2,79.2
D#2,79.2
D#2,79.2
D#2,78.2
D#2,79.2
D#2,79.2
D#2,78.3
G#2,105.7
D3,149.7
C2,64.4
B1,62.4
C#2,68.2
B1,61.8
B1,61.8
B1,61.9
C#2,67.8
D#2,76.8
C#2,68.2
C#2,68.4
G#2,102.7
G#2,102.4
B1,62.9
D2,75.0
B1,62.4
B1,62.0
C#2,68.2
C#2,68.3
C#2,68.0
C#2,68.3
C#2,70.1
D#2,77.3
C2,63.6
C2,66.2
C2,64.1
C2,67.2
C2,66.6
C2,65.1
C2,65.3
C2,66.4
C#2,68.9
C#2,68.0
C#2,68.3
B1,62.2
C2,66.0
C2,64.8
C#2,69.2
C#2,68.3
C#2,67.3
C#2,67.8
C#2,67.8
C#2,68.6
D#2,75.9
D#2,77.2
C#2,69.9
B3,246.1
G#2,105.0
C2,65.4
C2,65.7
C#2,67.6
C#2,67.7
C#2,67.7
C#2,69.1
C#2,67.9
G#2,104.9
C2,66.6
A2,109.0
D4,294.1
C2,64.1
D#2,77.7
C#2,67.9
C#2,69.0
F2,87.2
C#2,70.1
C#2,70.1
C#2,70.0
C#2,70.0
C2,65.6
C#2,69.6
C2,66.7
C#2,69.1
B1,62.7
C2,64.0
C2,64.0
C#2,68.9
C#2,67.6
C2,66.4
C2,65.1
C2,67.2
C2,64.0
C2,64.0
C2,64.2
G2,98.9
G2,98.4
C2,64.8
C2,63.6
C#2,70.8
C#2,68.8
B1,62.2
C2,66.9
C2,66.0
C2,66.6
A3,223.1
A3,223.0
C#2,70.3
C2,67.0
B1,62.4
C#2,68.0
C#2,71.1
C#2,71.0
C2,65.3
C2,65.9
C2,66.1
C2,63.9
C2,65.3
B1,62.7
C2,65.3
C2,65.3
C2,67.2
C2,67.2
C2,67.2
B1,63.3
C#3,135.3
C#2,70.4
B1,63.3
F#2,90.4
C2,64.1
C#2,68.2
C2,63.8
F2,89.6
G#2,102.8
C2,66.6
C2,66.7
C2,63.8
C#2,70.7
C2,66.6
G#2,102.6
C2,66.3
B1,63.4
B1,63.0
C#2,71.1
C#2,71.2
C#2,67.8
C#2,67.7
B2,122.9
C#2,70.4
C#2,70.8
C#2,70.0
C2,65.8
A#2,119.3
A#2,119.3
C2,65.4
B1,63.4
B1,62.7
B1,62.8
B1,63.1
B1,63.0
C2,66.7
C2,64.6
C2,66.0
C2,66.4
B1,63.3
B1,62.0
B1,62.0
G3,198.4
A#3,234.9
B3,242.0
A#3,236.0
A#3,239.6
C#2,67.6
C#2,68.9
F#2,93.7
F#2,94.6
B1,62.1
B1,62.3
B1,62.7
B1,62.2
C#2,69.4
C2,64.2
C2,66.3
C5,524.6
C5,524.4
C5,525.6
C5,524.6
C5,524.7
C5,524.6
C5,524.6
C5,524.7
C5,524.3
C#2,67.4
C#2,68.0
C#2,68.2
C#2,68.9
C2,63.8
C5,525.0
C5,525.0
C5,525.4
C5,525.0
C5,524.6
C5,526.6
C5,524.6
C5,524.6
C5,525.4
C5,525.4
C5,524.9
F#2,92.4
C2,66.2
C#2,68.9
C#2,68.1
B1,62.0
C#2,68.2
A2,109.6
A2,109.6
C2,65.9
G#2,103.3
G#2,103.4
C#2,67.4
D#2,76.0
A2,111.1
B2,126.8
D3,151.1
C2,64.4
D#2,79.0
B1,62.0
B1,62.9
C6,1048.7
C6,1048.0
C6,1048.6
C6,1048.4
C6,1048.2
C6,1048.3
C6,1048.3
C6,1048.6
B2,126.0
D#2,76.2
D#2,79.1
A#2,119.3
C2,66.1
G2,99.4
D#2,76.4
D#2,76.6
B3,240.4
C4,256.4
B3,241.2
C4,267.0
C4,267.0
C#2,67.8
C#2,67.6
G#2,102.7
G#2,102.7
B1,62.0
B1,63.2
B1,62.8
B1,62.9
B1,63.4
B1,62.7
B1,62.7
B1,62.0
B1,62.6
B1,61.4
B1,61.8
B1,61.8
B1,61.6
B1,62.6
C#2,68.4
C2,65.0
G2,97.1
B1,62.0
B1,61.7
C2,66.4
C2,66.4
C2,66.4
C2,66.6
C2,66.8
C2,67.0
C#2,67.7
C#2,67.9
C#2,68.9
C#4,279.7
C#4,279.0
C#4,280.0
C#4,281.1
D4,285.7
D4,288.4
D4,290.1
D4,290.8
D4,292.3
D4,293.8
D4,294.9
D4,295.1
D4,298.0
D4,297.8
D4,299.4
D4,301.2
D4,302.0
D#4,304.9
D#4,306.2
D#4,307.9
D#4,307.9
D#4,312.3
A#3,239.0
E2,80.7
E4,326.1
E4,326.1
E2,82.1
E2,82.3
E2,82.8
C3,130.9
C3,130.0
C3,130.8
D3,147.0
D3,146.9
D3,146.9
D3,146.9
E3,165.0
E3,165.0
E3,164.9
E3,165.0
F3,175.0
C3,131.0
C3,130.9
C3,131.0
C3,131.0
C3,131.0
C3,130.9
C3,131.0
C3,131.0
C3,130.9
C3,131.0
C3,130.9
C3,130.9
C3,130.9
C3,130.8
A4,441.0
D3,147.0
E3,165.1
E3,165.1
E3,164.7
E3,165.0
F3,174.8
F3,174.6
F3,174.4
G3,195.8
G3,195.9
G3,195.7
G3,195.6
G3,196.0
A4,441.4
C3,131.0
C3,131.0
C3,131.0
C3,130.9
C3,131.1
C3,131.1
C3,131.0
C3,130.9
C3,131.2
C3,131.0
C3,131.0
C3,130.9
C3,131.0
C3,131.0
C3,131.0
C3,131.0
C3,131.0
D3,147.1
D3,147.1
E3,165.1
E3,164.3
E3,165.0
E3,164.9
F3,174.7
F3,174.7
F3,174.7
G3,195.7
G3,195.7
G3,195.7
G3,195.9
G3,195.6
G3,196.6
E2,84.3
E2,84.2
E2,84.0
E2,84.0
E2,83.9
E2,84.3
E2,84.3
E2,84.3
E2,84.3
E2,84.3
E2,84.3
E2,84.3
E2,84.3
E2,84.2
C2,65.3
C2,65.6
E2,84.0
C2,65.3
D2,72.3
E2,84.0
E2,84.0
C2,66.9
E2,84.0
E2,84.3
C2,65.6
C2,65.6
C2,65.7
E2,84.4
E2,84.3
B3,253.0
B3,253.0
E2,84.3
E2,84.3
E2,84.0
C2,65.3
E2,84.2
E2,84.0
E2,84.0
E2,84.4
E2,84.3
E2,84.3
E2,84.3
E2,84.0
E2,84.3
E2,84.1
E2,84.3
E2,84.3
E2,84.3
E2,84.4
E2,84.3
E2,84.3
E2,84.0
C2,64.4
E2,84.3
E2,84.1
E2,84.1
E2,84.3
E2,84.4
E2,84.4
E2,84.4
E2,84.3
E2,84.3
E2,84.4
B4,506.4
E2,84.3
E2,84.3
E2,84.4
E2,84.1
E2,84.2
E2,84.3
E2,84.3
E2,84.3
C2,65.0
E2,84.2
E2,84.2
E2,84.3
E2,84.4
E2,84.4
C2,65.0
D2,73.2
D2,73.2
F#2,91.9
F#2,92.3
B1,62.4
B1,61.6
B1,62.1
B1,62.9
D2,73.8
D2,73.3
E2,82.4
B1,61.9
E2,82.6
E2,82.8
E2,82.0
E2,82.3
E2,82.4
E2,82.4
B2,123.3
B2,123.3
E2,83.0
A2,109.7
B1,62.6
B1,62.6
D2,73.7
D2,74.8
A4,439.8
A4,439.1
A4,439.1
C2,63.6
C#2,69.6
C#2,69.7
C2,65.2
C2,64.3
C2,65.4
C2,65.3
C2,65.0
C2,64.8
C2,64.8
C2,64.1
C2,64.7
C2,65.2
C2,65.2
C2,66.1
C2,66.3
C2,66.6
C2,66.9
C#2,67.7
C#2,68.0
C#2,68.6
C#2,68.7
C#2,68.9
C#2,69.2
C#2,69.9
C#2,69.8
C#2,70.1
C#2,70.7
C#2,70.7
C#2,71.2
C#2,68.8
C#2,69.0
C#2,68.7
C#2,68.7
C#2,68.6
C#2,68.7
C#2,69.0
C#2,69.1
C#2,69.3
C#2,70.0
C#2,70.3
C#2,70.6
C#2,70.9
C#2,71.2
D2,71.6
D2,71.9
D2,72.2
D2,72.4
D2,72.7
D2,73.3
D2,73.4
B3,250.6
B3,250.3
B1,63.0
B1,63.3
C2,64.0
C2,65.8
C2,65.6
C2,65.7
C2,65.7
C2,65.9
C2,66.1
C2,66.4
C2,66.8
C#2,67.4
C#2,68.0
C#2,68.2
C#2,68.4
C#2,68.4
C#2,69.7
C#4,282.2
C#4,284.1
C#4,284.2
D4,287.8
D4,291.0
D4,291.8
D4,292.7
D4,294.2
D4,295.0
D4,296.8
D4,298.7
D4,301.2
D4,301.3
D#4,303.1
D#4,305.8
C#2,68.6
C#2,68.7
C#2,69.0
C#2,69.6
C#2,69.6
C#2,70.0
E2,80.7
B3,244.1
B3,245.6
B3,246.9
B1,62.3
B3,252.6
C2,64.0
C2,64.3
C2,64.8
C2,66.6
C2,67.2
C#2,68.4
C#4,275.0
C#4,281.0
C#4,283.7
C#4,282.8
D4,286.2
D4,289.3
D4,291.2
D4,291.3
D4,292.8
D4,295.9
D4,298.1
D4,299.8
D4,301.6
D4,301.9
D#4,304.4
D#4,306.4
D#4,306.4
D#4,309.1
D#4,310.1
D#4,310.7
E4,324.2
E4,324.9
E4,326.3
E4,326.4
B3,247.7
C2,65.0
E4,320.7
E4,320.4
E4,321.9
E4,322.3
E2,81.7
E2,81.8
E2,82.1
E2,82.6
E2,83.9
E2,84.0
C4,262.1
E2,83.8
E2,83.8
E2,83.8
E2,83.8
E2,84.1
E2,84.1
E2,84.1
E2,84.1
C4,261.2
C4,262.0
E2,83.8
E2,83.8
C4,261.9
E2,84.1
E2,84.1
E2,84.2
C4,262.0
C4,260.6
E2,84.2
C4,260.9
C4,261.1
B3,252.7
E2,84.2
E2,84.1
E2,83.9
E2,83.9
E4,337.0
E4,336.9
E2,84.2
E2,84.2
E2,84.2
E2,83.9
E2,84.2
E2,84.2
E2,84.1
E2,84.2
E2,84.2
E2,83.9
E2,83.9
E2,83.9
E2,84.2
E2,83.9
E2,84.2
E2,84.2
E2,84.1
E2,84.2
E2,84.2
E4,337.0
E2,84.2
E2,84.2
E2,84.3
E2,84.3
E2,84.3
E2,84.2
E2,84.2
E2,84.0
E2,84.0
E2,84.3
C2,65.2
C2,65.2
E2,83.8
E2,83.3
E2,82.7
E2,82.4
E2,82.1
E2,81.9
E2,81.6
E2,81.6
E2,81.6
D2,71.4
D2,72.9
D2,72.9
E2,84.1
E2,84.2
C2,65.6
B1,62.9
E2,84.0
D2,73.3
E2,84.3
E2,84.3
E2,84.0
E2,84.0
D2,73.4
D2,72.3
E2,84.0
E2,84.3
E2,84.3
E2,84.3
E2,84.0
E2,84.3
E2,84.0
E2,84.0
E2,84.3
E2,84.3
E2,84.3
E2,84.3
B3,253.1
E2,84.3
E2,84.0
E2,84.3
E2,84.3
E2,84.0
E2,84.0
E2,84.4
E2,84.0
E2,84.0
E2,84.0
E2,84.0
E2,84.0
E2,84.3
E2,84.0
E2,84.0
E2,84.1
E2,84.0
E2,84.1
E2,84.3
E2,84.3
E2,84.0
E2,84.3
E2,84.3
E2,84.3
E2,84.3
E2,84.3
E2,84.3
E2,84.3
E2,84.3
E2,84.1
E2,84.1
E2,84.4
E2,84.0
E2,84.1
E2,84.1
E2,84.1
E2,84.0
E2,84.4
E4,337.6
E2,84.0
E2,84.1
E2,84.1
E2,84.0
E2,84.1
E2,84.0
E2,84.0
E2,84.0
E2,84.0
E2,84.1
E2,84.1
E2,84.4
E2,84.1
E2,84.3
E2,84.3
E2,84.1
E4,337.7
E2,84.3
E2,84.3
E2,84.1
E2,84.1
E2,84.1
E2,84.4
E2,84.4
E2,84.3
E2,84.3
E2,84.3
E4,337.7
E4,337.7
E2,84.4
E2,84.1
E2,84.4
E2,84.4
E2,84.3
E4,337.7
E2,84.4
E2,84.4
E2,84.4
E2,84.4
E2,84.4
E2,84.1
E2,84.4
E2,84.4
E2,84.4
E2,84.4
E2,84.4
E2,84.4
E2,84.4
E2,84.4
E2,84.4
E2,84.4
E2,84.4
E2,84.4
G4,388.0
G4,388.2
G4,388.2
G4,388.4
G4,384.8
G4,388.0
D4,291.3
D4,291.3
G4,388.6
G4,388.4
G4,388.4
G4,388.4
G4,388.4
G4,388.6
G4,388.6
G4,388.3
G4,388.4
C4,262.0
C4,262.0
C4,261.9
C4,261.8
C4,262.1
D4,289.0
C4,262.0
C4,262.3
C4,262.4
C4,262.7
C4,262.4
C4,261.0
G2,96.3
D4,289.0
C4,262.1
G2,96.3
D4,289.0
G2,96.3
D4,289.0
C4,261.9
D4,294.0
D4,294.0
D4,291.7
G2,96.4
G2,97.2
G2,97.2
G2,97.2
G2,96.3
G2,96.4
G2,96.3
G2,96.3
G2,96.3
G2,96.3
G2,96.3
G2,97.2
G2,97.2
G2,97.2
C4,259.1
C4,259.2
G2,96.4
G2,96.4
G2,97.2
G2,96.3
G2,96.4
G2,96.4
G2,96.4
G2,96.4
G2,96.4
G2,97.2
G2,97.2
G2,97.3
G2,96.4
G2,96.4
G2,96.4
G2,96.4
G2,96.4
G2,96.4
G2,96.3
G2,97.2
G2,96.4
G2,97.2
G4,389.0
G2,96.4
G2,96.4
G2,96.4
G2,96.4
G2,96.4
D4,289.3
G2,97.2
G2,96.4
G4,389.1
G2,96.4
D2,73.4
D3,145.9
G2,97.3
G2,96.4
G2,96.4
G2,96.4
G2,96.4
G2,96.4
G2,96.4
E4,330.1
G2,97.2
D4,289.4
G2,97.2
G2,96.4
G2,96.4
B1,62.8
G2,97.3
G2,97.2
G2,97.2
G4,389.0
G2,96.4
G2,96.4
G2,96.4
G2,96.4
G2,96.4
G2,96.4
G2,96.4
G2,96.4
G2,96.4
G2,97.2
G2,96.4
G2,96.4
D4,291.8
C2,64.8
G2,96.3
G2,97.1
G2,97.1
G2,96.3
G2,97.1
G2,97.2
G2,97.2
G2,97.2
G2,96.3
G2,96.3
G2,96.4
G4,388.4
D4,291.3
D4,291.4
D4,289.1
G2,97.2
G2,96.4
B1,62.0
G2,96.3
G2,97.1
G2,97.1
G2,96.4
G2,96.3
G2,96.3
G2,97.1
G2,97.2
G2,96.3
G2,96.3
G2,96.3
G4,388.4
G2,97.1
G2,96.3
G2,96.3
D4,289.1
D4,289.0
G4,388.6
G4,388.7
G2,96.2
G2,96.3
G2,96.2
G2,96.3
G2,97.1
G2,97.1
G2,97.0
G2,97.0
G2,97.1
G2,97.1
G2,96.3
G2,96.3
G2,96.3
G2,96.3
G2,97.1
G2,97.1
G2,97.1
D4,291.3
G2,96.3
G2,96.3
G2,96.3
G2,96.3
G2,96.3
G2,96.3
G2,96.3
G2,96.3
G2,96.3
G2,96.3
G2,96.3
G2,96.3
G2,96.3
G2,96.3
G2,96.3
G2,96.3
G2,97.1
D4,289.0
G4,388.8
G2,96.3
G2,96.3
G2,96.3
G2,96.3
G2,96.3
G2,96.3
G4,388.8
D4,291.6
G4,388.9
D4,291.4
D4,289.0
G2,96.3
G2,97.1
G2,97.2
G2,97.2
G2,97.2
G2,97.2
G2,97.1
G2,96.3
G2,96.3
G2,96.3
G2,96.3
G2,97.1
G2,96.3
G2,96.3
G2,97.2
G2,97.2
D4,289.1
G2,97.2
G2,97.1
G2,96.4
G2,96.3
D4,289.1
D4,293.3
G2,97.1
G2,96.3
D4,289.0
C4,258.0
C4,258.8
C4,260.0
C4,260.8
C4,263.0
C4,261.8
D4,289.0
D4,289.0
D4,292.0
D4,292.7
D4,292.7
D4,292.1
E4,325.0
E4,327.3
E4,328.7
E4,329.0
F4,352.0
F4,353.8
F4,353.8
F4,353.2
F4,353.8
G4,388.8
G4,388.7
G4,391.4
G4,392.9
G4,389.1
G4,388.8
G2,97.1
G2,97.0
G2,97.1
G2,97.1
D4,291.3
G4,388.4
C5,517.9
C5,518.0
C5,520.4
C5,518.2
C5,518.8
C5,517.0
C5,517.3
C5,519.0
C5,518.2
C5,512.7
C5,512.7
C5,520.3
C5,519.2
C5,519.4
C5,519.6
C5,518.9
C5,518.3
C5,518.6
C5,517.9
C5,516.6
C5,518.1
C5,518.1
C5,519.1
C5,519.3
C5,518.4
C5,518.6
C5,518.2
C5,518.1
C5,518.1
C5,518.8
C5,512.6
C5,518.3
C5,513.6
C5,519.3
C5,519.2
C5,518.6
C5,518.3
C5,518.9
C5,519.3
D4,289.8
C5,510.8
C5,516.9
C5,516.9
C5,519.4
C5,518.9
C5,518.1
C5,518.3
C5,518.3
C5,518.3
C5,518.2
C5,518.3
C5,519.3
C5,519.8
C5,519.7
B4,490.8
B4,490.7
C5,522.8
C5,518.6
C5,519.1
C5,518.4
C5,518.6
D4,291.4
D4,291.6
C5,518.3
C5,515.1
C5,519.4
C5,519.3
C5,518.4
C5,518.7
C5,517.8
C5,518.1
C5,519.1
C5,518.3
C5,520.9
C5,521.1
C5,519.4
C5,519.4
C5,520.4
G2,97.3
G2,97.2
C5,534.0
C5,521.8
C5,521.7
C5,521.7
C5,511.0
C5,513.0
C5,510.4
G4,388.9
G4,388.8
G4,388.9
G2,97.2
G2,97.2
D#5,615.1
D#5,615.6
D#5,614.9
C#5,539.2
C#5,539.3
G2,96.6
D4,289.9
D4,291.7
D4,291.7
C5,518.6
C5,515.1
C5,520.0
C5,520.1
C5,518.6
C5,518.3
C5,519.2
C5,518.2
C5,518.2
C5,518.4
C5,522.3
C5,518.6
C5,513.0
C5,519.8
C5,518.4
C5,518.3
C5,518.7
C5,518.8
C5,518.3
C5,519.2
C5,518.2
C5,517.2
C5,512.7
C5,519.3
C5,518.4
C5,518.2
C5,518.2
C5,519.0
C5,519.2
C5,518.8
C5,521.4
C5,521.4
C5,519.7
C5,518.6
C5,518.4
C5,518.4
C5,518.6
C5,518.3
G2,97.2
G2,96.7
G2,97.2
G4,389.1
G4,389.1
G2,97.2
G2,97.2
C5,517.0
C5,516.9
C5,514.9
C5,517.9
C5,518.4
C5,516.9
C5,517.4
C5,518.7
C5,518.8
C3,129.7
C4,257.9
C4,258.1
C4,259.7
C4,258.3
C4,259.3
C4,259.4
C4,259.6
C4,259.4
C4,259.6
C4,258.3
C4,258.8
C4,258.7
C4,258.7
C4,259.3
C4,259.3
G4,388.9
G2,96.6
G2,97.2
D4,291.7
C5,510.6
C5,518.1
C5,516.7
G2,97.2
G2,97.2
G2,97.2
G2,96.6
G2,97.1
G2,97.2
G2,96.6
G2,97.2
G2,97.2
G2,97.2
C2,64.3
G2,97.2
G2,97.2
G2,97.2
D4,291.9
D4,291.7
G4,389.0
C5,518.7
C5,518.8
C5,518.7
C5,518.6
C5,518.7
C5,518.4
C5,518.9
C5,519.4
C5,519.7
C5,520.4
C5,521.4
C5,521.4
C5,519.6
C5,521.0
C5,512.3
C5,511.1
C5,519.3
C5,520.8
C5,519.3
C5,519.4
C5,517.3
C5,518.1
C5,518.4
C5,519.2
C5,518.3
D5,583.8
D5,583.7
D5,583.7
D5,581.0
D5,581.1
D5,581.7
D5,583.6
D5,579.9
D5,583.4
D5,581.6
D5,583.6
E5,654.9
G2,97.2
G2,96.7
G2,96.6
G2,97.3
G2,96.7
G2,96.7
G2,96.7
G2,96.7
D4,291.9
G2,97.2
G2,97.1
G4,386.0
D4,289.6
C5,517.8
C5,516.9
C5,516.9
C5,516.9
C5,517.0
C5,518.2
C5,516.9
C5,521.0
C5,518.9
G2,97.1
G2,97.2
C5,512.4
C5,518.1
C5,514.9
C5,518.0
C5,518.0
C5,518.3
C5,517.9
C5,518.4
B4,506.4
C5,518.2
C5,518.1
C5,517.1
C5,518.7
C5,518.4
C5,511.9
C5,511.1
C5,518.2
C5,518.2
C5,518.0
C5,517.9
C5,509.7
C5,509.6
B4,506.1
C5,512.6
C5,518.2
C5,518.2
C5,510.6
D4,291.6
G2,96.6
G2,96.7
G2,97.2
D4,289.8
D4,291.6
C2,64.3
C5,517.1
C5,515.4
C5,520.7
C5,520.0
C5,518.3
C5,518.8
C5,518.1
C5,518.1
C5,518.4
C5,518.4
C5,520.7
C5,521.9
C5,522.0
G2,96.6
C5,518.2
C5,517.6
C5,520.2
C5,519.0
C5,518.6
C5,518.8
C5,517.2
C5,518.4
C5,517.0
D4,289.8
G2,97.2
G4,388.4
C5,516.2
C5,511.7
C5,509.7
C5,508.4
C5,513.3
C5,511.6
G2,97.2
C5,517.9
C5,518.0
C5,518.6
C5,520.1
C5,517.8
C5,518.0
C5,518.4
C5,518.4
C5,518.6
D4,291.6
D4,291.6
D4,291.4
D4,291.4
D4,291.2
D4,291.4
D4,291.6
D4,291.3
D4,291.4
D4,291.4
D4,291.4
G2,96.4
D4,291.6
D4,291.4
D4,291.6
F4,345.8
G4,388.8
G4,388.7
G4,386.2
G4,388.8
G4,388.8
G4,388.8
G4,388.8
G4,389.0
G4,388.7
G2,97.2
G2,97.2
G2,97.2
G2,97.2
G2,97.2
D4,291.6
D4,291.6
G2,97.2
G2,97.2
G2,96.6
G2,96.6
G4,388.9
G4,388.9
G2,97.2
G2,96.6
C5,511.4
C5,515.0
C5,517.3
C5,518.7
C5,518.2
C5,518.1
C5,518.0
C5,518.3
C5,519.3
C5,518.7
C5,520.3
C5,520.3
C5,518.7
D5,583.3
D5,583.2
D5,583.2
D5,583.2
G2,97.2
G2,97.2
G4,388.9
G4,388.9
G2,97.2
G4,389.0
G2,96.6
G4,389.0
G2,97.2
G2,96.7
G2,97.2
G4,388.8
G4,386.3
G2,97.2
G2,97.2
G2,97.2
G2,97.2
G2,97.2
G2,96.6
G2,97.2
D4,289.8
G4,388.9
G2,96.6
G2,97.2
G2,97.1
G4,388.9
G2,97.2
G4,388.8
D2,73.4
G4,388.4
G4,388.4
G4,388.2
G4,386.0
G2,97.2
D4,291.6
D4,291.7
D4,291.7
G2,97.2
G2,97.2
G2,96.6
G2,97.2
G2,97.2
G2,97.2
G2,96.6
G2,96.6
G2,97.2
G2,96.6
G2,96.6
G2,96.6
G2,96.6
G2,97.2
G2,97.2
D4,291.4
D4,291.6
G4,388.8
D4,291.7
G2,96.6
G2,96.6
G2,97.2
G2,97.2
D4,289.6
G2,97.2
G2,96.6
G4,389.0
G2,96.6
G2,96.6
G2,96.6
G2,97.2
G2,96.6
G2,96.6
G2,97.2
G2,96.6
G2,96.6
D4,291.9
D4,291.8
G2,96.6
G2,96.6
G2,97.2
G2,97.2
G2,97.2
G4,389.0
G4,389.0
D4,291.8
G4,389.0
G2,97.2
G4,389.0
G2,96.6
D4,289.8
G2,97.2
G2,97.2
D4,289.8
G4,389.0
G4,389.0
G4,389.1
G2,96.7
G2,96.7
G2,96.6
G4,388.8
G4,388.8
D4,291.4
D4,291.4
G4,388.8
G4,388.8
G2,97.2
G2,97.1
C5,518.1
C5,518.7
C5,520.2
C5,519.4
C5,518.3
G2,97.2
G2,97.1
G2,96.6
G4,388.8
G2,97.2
C5,510.1
C5,518.2
C5,520.4
C5,519.3
C5,518.3
C5,518.9
C5,518.6
C5,518.4
C5,518.6
C5,518.3
C5,522.1
C5,521.4
C5,519.9
C5,520.0
C5,521.3
G2,96.6
G2,97.1
G2,97.1
G2,96.6
G2,97.2
G2,97.2
G2,97.2
G2,97.2
G2,96.6
G2,96.6
G2,96.6
G2,97.2
G2,97.2
D4,291.6
G2,97.2
G2,97.2
D4,289.7
C5,511.3
C5,511.6
C5,518.7
C5,520.9
C5,518.6
C5,518.6
C5,518.6
C5,518.1
C5,518.3
C5,519.0
C5,520.8
C5,521.0
C5,521.6
C5,519.7
C5,520.3
C5,520.3
C5,521.1
C5,521.1
D3,291.6
G3,388.8
G1,97.2
C4,518.8
C4,518.9
C4,519.2
C4,519.2
C4,519.2
C4,517.7
C4,517.3
C4,518.9
C4,518.3
C4,517.3
C4,521.3
C4,519.0
C4,520.0
C4,520.6
C4,520.4
C4,520.9
C4,520.3
C4,520.0
C4,518.2
C4,521.2
C4,519.7
C4,511.1
C4,518.4
C4,515.7
C4,518.8
C4,518.7
C4,519.1
C4,519.4
G1,97.2
G1,97.2
G1,97.2
G1,97.2
G1,97.2
G1,97.2
G1,96.6
G1,96.6
G1,97.2
G1,97.2
D3,291.7
G1,97.2
D3,291.8
C4,517.1
C4,518.7
C4,519.3
C4,519.3
C4,518.7
C4,519.3
C4,518.3
C4,518.3
C4,519.2
C4,520.3
C4,521.6
C4,521.6
C4,520.2
C4,520.0
C4,521.7
C4,521.0
C4,520.9
C4,523.3
C4,521.0
C4,521.4
C4,519.0
C4,518.9
C4,522.7
C4,519.0
C4,518.8
C4,518.4
G1,96.6
C4,517.8
C4,518.8
C4,519.0
C4,517.9
C4,518.7
C4,518.9
C4,518.7
C4,518.7
C4,518.6
C4,518.7
C4,518.6
C4,520.7
C4,519.0
C4,520.0
C4,520.7
C4,521.6
C4,521.7
C4,517.8
G3,388.9
G3,388.9
G1,97.2
G1,97.2
G3,389.0
D3,291.7
G3,389.0
G3,389.0
G3,389.0
G3,389.0
G3,389.0
G1,97.2
G1,96.6
G1,96.6
G1,97.2
G1,97.2
G1,97.2
G1,97.2
G1,97.2
G3,389.0
G3,389.0
G1,96.7
G1,97.2
G1,97.2
G1,97.2
G1,97.2
G1,97.2
G1,97.2
G3,389.0
G3,389.1
G1,97.3
G3,389.0
G1,97.3
G1,96.7
G1,96.7
G1,96.6
G3,389.0
G3,389.0
G1,97.2
D3,291.7
G1,96.7
G3,389.1
G1,96.7
G3,389.0
G3,389.0
G1,96.7
G1,96.6
G1,97.2
G1,96.7
G1,96.6
G1,97.2
G1,97.2
G1,97.2
G1,96.7
G1,97.2
G3,389.0
G1,96.7
G1,96.7
G1,96.6
G1,96.7
G1,96.7
G1,97.2
G1,97.2
G1,97.2
G1,97.2
G1,97.2
G1,96.6
G1,97.3
G1,96.6
G1,97.3
D3,290.0
G3,389.0
G1,97.2
G1,96.6
G1,96.6
G1,97.2
G1,97.2
D3,291.8
D3,291.9
G1,97.2
G3,389.0
G3,389.0
G1,97.2
G3,389.0
G1,96.7
G1,96.7
G1,96.7
C4,517.8
C4,518.6
C4,519.0
C4,518.1
C4,518.7
C4,518.7
C4,518.7
C4,518.7
C4,518.9
C4,519.7
C4,521.4
C4,521.4
C4,521.4
C4,519.8
C4,522.0
C4,521.7
C4,521.7
C4,518.7
C4,520.2
C4,520.9
C4,520.9
C4,516.9
C4,516.9
C4,518.7
C4,521.8
C4,522.3
C4,518.3
C4,518.6
C4,510.9
C4,510.8
C4,516.8
C4,518.8
C4,518.9
C4,518.1
C4,518.9
C4,518.9
C4,519.0
C4,518.8
C4,518.8
C4,516.2
C4,516.7
C4,518.4
C4,518.3
C4,518.6
C4,518.6
C4,518.4
C4,518.6
C4,518.6
C4,518.8
C4,518.7
C4,517.0
G1,96.7
G1,96.7
G3,389.0
G3,389.1
G3,389.0
G3,389.0
G1,97.2
G3,389.1
G3,389.1
G1,97.3
G1,97.3
G1,97.3
D3,291.9
G1,96.7
G1,96.7
G1,97.3
G1,97.2
G1,96.7
G1,97.2
G1,97.2
D3,291.7
D3,291.9
G1,96.7
G3,389.0
G1,97.3
G1,96.7
D3,289.9
G1,97.3
G1,97.3
D3,292.0
G1,97.3
B0,62.6
G3,389.3
G1,96.7
C4,512.9
C4,508.7
C4,509.3
C4,510.7
C4,518.3
C4,510.7
C4,510.9
C4,516.0
C4,510.0
C4,510.0
C4,519.4
C4,515.8
D3,292.2
D3,292.1
D3,292.1
C4,510.4
C4,511.1
C4,510.8
B3,504.0
G1,97.2
G3,389.1
G3,389.1
G1,97.2
G1,97.3
C4,510.6
C4,511.1
C4,511.8
C4,510.4
C4,510.7
C4,509.2
C4,517.6
C4,509.2
C4,510.6
C4,516.3
C4,509.6
C4,509.0
C4,511.7
C4,511.3
C4,509.0
C4,508.7
C4,510.7
G1,97.7
G1,97.3
G1,97.3
G1,97.2
G1,97.3
G1,97.2
D3,292.0
G1,97.3
G1,97.2
G1,97.2
G1,97.3
G1,97.2
G1,97.2
G3,389.1
G1,97.3
G1,96.7
G1,97.2
G1,97.2
G1,97.2
G1,97.2
G1,97.2
G1,97.2
G3,389.0
G3,389.0
G1,97.3
G1,97.2
G3,389.0
G1,97.3
G1,97.2
G1,96.7
G1,97.2
G1,97.3
G1,97.3
G1,96.7
G1,97.2
G1,97.2
D3,291.8
D3,291.8
G1,97.2
G1,97.2
G1,97.3
G1,97.3
G1,97.2
D3,292.0
D3,289.9
G1,96.7
G1,96.7
G1,97.3
D3,292.0
D3,292.0
G1,97.2
G1,97.2
G1,96.7
G1,96.7
G1,97.3
G2,194.6
G1,96.7
G1,96.6
G1,97.2
G1,97.2
D3,291.9
G1,96.7
G1,97.2
G1,97.2
D3,291.9
D3,292.0
D3,291.9
D3,291.9
G3,389.2
G1,96.7
G1,96.6
G1,97.3
G3,389.1
G3,389.1
G3,389.2
G1,96.6
G1,96.7
G1,96.7
G1,96.6
G1,97.3
G1,97.3
G1,97.2
G1,97.2
G1,96.7
G1,96.7
G1,96.7
G1,96.6
G1,97.2
G1,97.2
G1,97.2
G1,97.2
G1,96.7
G1,97.2
G1,97.3
G1,96.7
G1,96.7
G1,97.2
G1,97.2
G1,96.7
G1,96.7
G1,96.7
G1,97.2
G1,96.6
G1,96.7
G1,97.2
G1,96.7
G1,96.7
G1,96.7
G1,96.7
G1,96.7
G1,96.6
G1,97.3
G1,97.3
G1,97.3
G1,97.4
G3,389.3
G3,386.4
D3,292.0
D3,292.0
G1,96.7
G1,97.3
G1,97.3
G1,96.7
G1,96.7
D3,292.0
D3,292.0
G1,97.3
D3,291.9
D3,291.9
D3,292.0
D3,291.9
G3,389.2
C4,513.0
C4,510.7
C4,510.0
C4,514.2
C4,516.7
C4,510.9
C4,509.3
C4,509.4
G1,97.3
G1,97.2
C4,511.0
C4,511.3
G1,97.2
G1,97.3
C4,517.6
C4,517.2
C4,517.0
C4,509.0
C4,518.7
C4,518.6
C4,517.4
G1,96.7
G1,97.2
G1,97.2
G1,97.2
G1,97.2
C4,510.1
C4,511.9
C4,508.4
C4,513.3
G1,97.3
C4,509.8
C4,510.1
G1,96.7
G1,96.7
G1,97.2
G1,97.2
G1,97.3
G2,194.6
G2,194.7
G2,194.6
G2,194.7
G2,194.7
G2,194.7
G2,194.4
G2,194.7
C3,258.4
G2,193.3
G2,193.3
C3,258.0
G1,96.7
G1,97.2
G1,96.7
G1,96.7
G1,97.2
G1,97.3
G1,97.2
G1,97.2
G1,97.2
G1,97.1
G1,97.2
G3,388.9
G1,97.1
G1,97.2
G1,97.1
G1,97.2
G1,97.2
G1,97.2
G3,388.9
G1,96.6
G1,97.2
G1,97.2
D3,291.7
D3,291.7
D3,291.7
G1,96.6
G3,388.6
G3,388.6
D3,291.6
D3,291.2
G1,97.1
G3,388.7
G3,388.7
G1,97.1
G1,97.1
G3,388.8
G3,388.8
D3,291.6
G1,97.1
C4,517.8
C4,515.0
C4,511.0
C4,511.4
C4,510.7
C4,517.8
C4,517.3
C4,518.1
C4,518.1
C4,516.7
C4,519.8
C4,519.1
C4,518.2
C4,517.3
C4,517.3
C4,518.1
C4,519.0
C4,518.6
C4,518.4
C4,520.9
C4,521.1
C4,519.0
C4,520.3
C4,521.6
C4,521.0
C4,522.6
C4,521.3
C4,521.0
C4,520.9
C4,523.1
C4,521.6
C4,520.0
C4,518.2
C4,518.3
C4,517.7
C4,516.7
C4,516.7
D3,291.6
C4,511.3
C4,510.3
D4,583.2
D4,583.1
D4,583.0
D4,583.2
D4,583.2
D3,291.8
D3,291.7
E4,650.8
E4,652.8
E4,659.8
G2,194.3
G1,96.7
G1,97.2
G1,97.2
G3,388.8
G1,97.3
G1,97.2
G1,96.6
G1,97.2
G1,97.2
G1,97.2
G3,388.8
G3,388.8
G1,97.2
G1,97.2
G1,97.2
F4,698.3
G3,388.8
G3,388.8
G3,388.8
G3,388.8
G3,388.6
G3,388.4
G3,389.0
G3,389.0
G3,389.0
G3,388.9
G3,388.8
G1,97.1
G1,97.2
G1,97.2
G1,96.6
G1,97.2
G1,97.2
G1,97.2
G1,97.2
G1,97.2
G1,96.7
G1,97.2
G1,97.2
G1,97.2
G1,97.2
G1,97.1
G1,96.7
G3,388.8
D4,579.7
D4,579.8
G3,389.0
D4,583.2
D4,583.4
D4,583.1
G1,97.2
D3,289.8
C3,259.3
C3,259.3
C3,259.6
C3,260.0
C3,261.2
C3,263.6
C3,261.0
C3,261.1
C3,261.7
D3,289.8
D3,291.8
D3,293.1
D3,291.8
D3,291.8
D3,291.6
D3,291.7
D3,291.7
D3,291.8
E3,325.2
E3,328.8
E3,328.9
E3,326.0
E3,327.2
E3,328.3
E3,328.3
F3,350.9
F3,348.9
F3,353.2
F3,353.0
F3,350.3
F3,350.0
F3,349.9
F3,350.0
F3,348.0
G1,96.6
G3,386.3
G3,388.8
G3,391.2
G3,392.4
G3,393.0
G3,393.0
G3,389.0
G3,389.2
G3,389.1
G3,389.0
A3,437.4
A3,437.8
A3,437.8
A3,447.0
A3,447.4
A3,440.4
A3,437.6
A3,443.0
A3,437.1
B3,481.7
B3,486.4
B3,490.2
B3,491.7
B3,488.4
B3,492.1
B3,490.4
B3,489.6
G1,96.7
C4,519.1
C4,517.0
C4,518.3
C4,518.2
C4,519.6
D3,289.8
D3,289.9
D4,581.8
D4,583.8
D4,583.7
D4,583.9
D4,583.6
D4,583.7
D4,583.2
D4,581.2
D4,584.6
D4,584.4
E4,654.1
E4,653.8
E4,653.8
E4,656.2
E4,653.2
G1,96.7
G3,389.3
G3,389.3
G1,97.3
G1,97.3
G1,97.3
G1,96.7
G3,389.1
G1,97.3
G1,96.6
G1,96.8
E4,652.2
E4,652.4
E4,652.6
E4,653.3
D3,291.9
D3,292.0
G1,96.6
G3,389.3
G1,96.6
G3,389.3
G1,96.7
G3,389.3
G3,389.2
G1,97.2
G1,97.2
E4,654.3
E4,654.6
G3,389.2
G2,194.7
G2,194.7
G1,96.7
G1,96.7
G1,97.3
G1,97.3
G1,96.6
G1,97.3
G1,97.3
G2,194.6
G1,96.7
G1,97.2
E3,324.0
G1,97.2
G1,97.2
G1,97.3
G1,96.6
G1,96.7
G1,97.3
G1,97.3
G1,97.2
G1,97.3
G1,96.6
G1,96.7
G1,97.2
G3,389.1
G1,97.3
G1,96.7
G1,96.7
D3,291.8
G1,97.3
G1,97.3
G1,97.3
D3,291.9
G1,96.7
G1,96.7
G1,97.2
G1,97.2
G1,97.3
G1,96.7
G1,97.3
G1,97.2
G1,97.3
G1,96.7
G1,96.7
G1,97.2
G1,97.3
G1,97.3
G1,96.7
G1,96.6
G1,97.3
G1,97.2
G1,97.2
G1,97.2
D3,291.9
G1,97.2
G1,96.7
G1,96.7
G1,96.6
D3,291.9
G1,97.2
G1,97.2
G1,97.3
G1,96.7
G1,97.3
G1,97.3
G1,96.7
G1,96.7
C4,516.9
C4,516.2
C4,520.2
C4,519.6
C4,519.6
C4,518.7
C4,517.6
C4,517.3
C4,519.3
C4,521.7
C4,520.8
C4,520.0
C4,520.0
C4,520.1
D3,292.0
D3,292.0
C3,257.9
C3,259.4
C3,259.8
C3,259.9
C3,262.7
C3,261.0
C3,260.9
D3,289.9
D3,289.9
D3,292.0
D3,292.7
D3,292.9
D3,291.9
D3,292.0
D3,291.9
E3,332.8
E3,333.3
E3,328.7
E3,328.4
E3,327.6
E3,327.2
F3,351.6
F3,351.1
F3,350.2
F3,349.2
F3,350.3
F3,349.9
F3,347.8
G3,389.0
G3,396.1
G3,389.0
G3,389.0
G3,391.7
G3,389.1
G3,389.1
G3,389.1
G3,389.0
G3,389.0
E3,325.8
E3,328.2
E3,328.6
E3,326.0
E3,326.0
E3,327.7
E3,327.7
D3,290.0
D3,290.0
D3,290.0
D3,291.9
C3,259.7
C3,259.7
D3,289.9
D3,291.8
D3,291.8
D3,290.0
D3,291.9
D3,291.9
G1,97.3
F3,347.7
E3,324.3
G3,389.1
G3,389.2
G3,389.1
G3,389.1
B3,485.8
C4,510.1
C4,517.6
C4,517.0
C4,512.8
G1,96.6
G1,96.7
A3,441.8
B3,486.6
A3,447.2
A3,447.2
G3,389.1
G3,389.2
G3,394.0
G3,389.2
G3,389.1
G3,389.1
F3,351.9
F3,351.8
D3,291.8
D3,290.0
D3,289.9
D3,289.9
D3,290.0
G1,96.6
C3,259.6
D3,289.9
D3,289.8
D3,291.9
D3,291.9
E3,325.2
E3,324.9
E3,324.9
G3,386.6
G3,389.0
G3,386.6
G3,389.0
G1,97.3
C4,518.8
G1,96.7
G1,97.3
D3,291.8
B3,482.6
G1,96.7
G1,96.7
G1,96.7
C4,516.6
C4,516.6
C4,516.6
C4,516.8
G2,194.6
D4,574.0
D3,291.9
B3,507.3
G1,96.7
G1,97.2
D3,291.8
G1,96.7
G1,96.7
G1,96.7
D3,290.0
C3,259.3
C3,259.3
D3,289.8
D3,291.8
G1,97.2
F3,352.1
E1,82.0
E1,82.0
C3,258.0
C3,260.1
C3,258.7
C3,258.7
C3,259.9
C3,259.9
C3,258.8
A1,109.3
E2,164.0
E2,164.0
C3,258.4
C3,260.4
C3,258.4
C3,259.0
C3,258.6
C3,259.9
C3,258.7
C3,258.8
C3,258.1
C3,260.4
G#1,101.0
A1,111.9
C3,260.3
C3,260.9
C3,261.4
C3,260.8
C3,262.9
C3,261.8
C3,261.6
C3,261.1
G#2,208.0
G#2,211.8
A1,112.4
A#2,228.7
A#2,230.3
A#2,232.0
A#2,233.1
A#2,235.0
C3,260.0
C3,257.7
C3,260.0
C3,258.3
C3,258.4
C3,259.9
C3,260.0
C3,258.0
B2,251.2
B1,126.9
C1,64.3
C1,64.6
C1,64.9
C1,65.3
C1,65.8
C1,66.0
C1,66.4
C1,66.7
C#1,68.6
C#1,68.7
C#1,68.9
C#1,68.9
C#1,69.0
C#1,68.9
C#1,69.0
C#1,69.0
C#1,68.7
C#1,69.0
C#1,69.0
C#1,69.0
C#1,68.8
C#1,69.0
C#1,69.0
C#1,69.0
C#1,69.0
C#1,69.0
C#1,68.8
C#1,68.7
C#1,69.0
C#1,68.8
C#1,68.8
C#1,69.0
C#1,68.8
C#1,69.0
C#1,69.0
C#1,69.0
C#1,69.0
C#1,69.0
C#1,69.0
C#1,69.0
C#1,69.0
C#1,69.0
C#1,69.0
C#1,69.0
C#1,69.0
C#1,69.0
C#1,69.1
C#1,69.0
C#1,69.1
C#1,69.8
C#1,70.0
C#1,70.6
C#1,70.4
C#1,71.1
C#1,71.1
D1,71.8
D1,72.1
D1,72.2
D1,72.7
D1,73.1
D1,73.3
D3,295.4
D3,297.4
D3,298.3
D3,299.4
D3,300.7
D#3,303.0
D#3,305.1
D#3,306.2
D#3,306.2
D#3,306.3
D#3,306.3
D#3,306.2
D#3,306.3
D#3,306.3
D#3,306.3
D#3,306.3
D#3,306.3
D#3,306.3
D#3,306.3
D#3,306.4
D#3,306.4
D#3,306.4
D#3,306.4
D#3,306.4
D#1,76.0
D#1,76.1
D1,74.7
D1,74.3
D1,74.0
D1,73.7
D1,73.2
D1,73.0
D1,72.4
D1,71.9
D1,71.4
C#1,71.1
C#1,70.7
C#1,69.8
C#1,69.8
C#3,277.4
C#3,277.4
C#3,277.4
C3,261.0
C3,261.8
C3,261.0
C3,257.8
C3,262.7
C3,257.0
C3,258.9
C3,258.8
C3,258.7
C#1,69.3
C#1,69.4
C#1,69.4
C#1,69.2
C#1,69.1
C#1,69.1
C#1,69.4
C#1,69.3
C#1,69.2
C#1,69.1
A#1,115.6
C#1,69.1
C#1,69.4
C#1,69.3
C#1,69.4
A#1,115.3
C#1,69.2
C#1,69.2
C#1,69.1
C#1,69.0
C#1,68.9
C#1,68.7
C#1,68.6
C#1,68.4
A2,219.4
C#1,67.8
C#1,67.8
C#1,67.7
C#1,67.9
C1,67.0
D1,72.6
C#1,68.2
B0,63.4
C1,66.0
C1,66.0
C1,65.7
C1,65.4
C1,65.3
C1,65.2
C1,64.7
C1,64.9
C1,65.0
C3,260.0
C3,258.6
C3,260.9
C3,260.9
C2,130.8
C#3,275.7
C#3,275.9
C#3,284.7
C#1,70.4
C3,257.1
C3,257.7
C3,262.2
C3,258.1
C3,258.8
C3,258.8
C3,258.7
C3,260.0
C3,260.4
C3,259.6
C3,259.9
C3,260.6
C3,262.1
C3,262.7
C3,261.0
C3,260.0
C3,260.1
C3,260.4
C3,260.6
C3,260.3
C3,262.3
C3,261.3
C3,261.3
C3,260.8
C3,260.2
C3,260.2
C3,260.6
C3,261.1
C3,262.2
C3,262.3
C3,260.4
C3,260.7
C3,260.9
C3,261.0
C3,260.9
C3,261.0
F#1,94.1
C1,67.0
C1,66.8
C1,66.2
G#1,104.4
G#2,212.6
A2,223.1
A2,225.4
A#2,229.9
A#2,232.2
F1,89.7
B2,242.0
B1,123.6
B2,249.6
B2,253.2
C2,129.3
C1,66.0
C1,66.3
C1,66.8
C1,67.0
C#1,67.8
C#1,68.1
C#1,68.4
C#1,68.7
C#1,68.7
C#1,69.0
C#1,69.0
C#1,69.0
C#1,69.0
C#1,69.0
C#3,276.3
C#1,68.9
C#1,69.1
C#1,68.9
C#1,68.9
C#1,68.9
C#1,69.1
C#1,69.1
C#1,69.0
C#1,69.1
C#1,69.1
C#1,69.1
C#1,69.1
C#1,69.1
C#1,69.1
C#1,69.1
C#1,69.1
C#1,69.0
C#1,69.1
C#1,69.1
C#1,69.1
C#1,69.1
C#1,69.1
C#1,69.1
C#1,69.2
C#1,69.1
C#1,69.2
C#1,69.1
C#1,69.1
C#1,69.1
C#1,69.2
C#1,69.1
C#1,69.2
C#1,69.2
C#1,69.2
C#1,69.1
C#1,69.2
C#1,69.2
C#2,138.4
C#2,138.3
C#1,69.2
C#1,69.2
C#1,69.2
C#1,69.2
C#1,69.2
C#1,69.2
C#4,554.0
C#1,69.0
C#1,69.0
C#1,69.2
C#1,69.2
C#1,69.2
C#1,69.2
C#1,69.0
C#1,69.2
C#1,69.2
C#1,69.2
C#1,69.2
C#1,69.1
C#1,69.3
C#1,69.2
C#1,69.2
C#1,69.0
C#1,69.2
C#1,69.2
C#1,69.1
C#1,69.2
C#1,69.3
C#1,69.2
C#1,69.0
C#1,69.2
C#1,69.3
C#1,69.3
C#1,69.2
C#1,69.3
C#1,69.2
C#1,69.3
C#1,69.3
C#1,69.3
C#1,69.2
C#1,69.3
C#1,69.2
C#1,69.1
C#1,69.3
C#1,69.3
C#1,69.3
C#1,69.3
C#1,69.2
C#1,69.3
C#1,69.2
C#1,69.1
C#1,69.3
C#1,69.3
C#1,69.3
C#1,69.4
C#1,69.3
C#1,69.2
C#1,69.3
C#1,69.4
C#1,69.7
C#1,69.7
C#1,70.3
C#1,70.8
C#1,70.8
D1,71.3
D1,72.4
D3,292.6
D3,294.1
D3,295.0
D3,296.6
D3,297.4
D3,299.3
D3,300.6
D#3,303.7
D#3,304.0
D#3,305.4
D#3,307.3
D#3,307.3
D#3,307.4
D#3,307.4
A#2,230.6
D#3,307.3
D#3,307.4
D#3,307.4
D#1,76.9
D#1,76.8
D#1,76.8
D#3,307.6
D#3,307.6
D#1,76.7
D#1,76.8
D#1,76.9
C1,67.2
D#1,76.8
D#1,76.8
D#1,76.8
D#1,76.8
D#1,76.8
D#1,76.8
D#3,307.7
D#3,307.8
D#3,307.8
D#3,307.8
D#3,307.8
D#1,76.7
D#1,76.6
D#3,303.6
C3,258.1
C3,260.6
C3,260.8
C3,261.0
C3,261.0
C3,258.0
C3,261.1
C3,259.8
C3,261.0
C3,261.4
C3,261.6
C3,263.0
C3,260.2
C#1,69.6
C#1,69.7
C#1,69.6
C#1,69.7
C#1,69.7
C#1,69.7
C#1,69.7
C#1,69.7
C#1,69.6
C#1,69.3
C#1,69.4
C#1,69.4
C#1,69.6
C#1,69.6
C#1,69.6
C#1,69.7
C#1,69.6
C#1,69.4
C#1,69.7
C#1,69.6
C#1,69.7
C#1,69.7
C#1,69.7
C#1,69.6
C#1,69.3
C#1,69.6
C#1,69.4
C#1,69.4
C#1,69.6
C#1,69.3
C#1,69.7
C#1,69.7
C#1,69.7
C#1,69.6
C#1,69.7
C#1,69.7
C#1,69.7
C#1,69.6
C#1,69.7
C#1,69.7
C#1,69.6
C#1,69.7
C#1,69.7
C#1,69.7
C#1,69.7
C#1,69.7
C#1,69.7
C#1,69.7
C#1,69.7
C#1,69.3
C#1,69.7
C#1,69.7
C#1,69.7
C#1,69.6
C#1,69.7
C#1,69.7
C#1,69.7
C#1,69.8
C#1,70.0
C#1,70.0
C#1,70.0
C#1,70.8
C#1,70.9
D1,71.8
D1,71.8
D1,72.4
D1,72.4
D1,72.6
D1,73.0
D1,73.1
D1,73.6
D1,74.0
D1,74.3
D3,300.0
D3,301.4
D#3,302.9
D#3,305.4
D#3,305.9
D#3,308.1
D#3,308.2
D#3,308.3
D#3,308.3
D#3,308.3
D#3,308.3
D#3,308.3
D#1,77.1
C1,65.2
C1,66.7
D1,74.6
D1,74.4
D3,297.6
C3,260.3
C3,261.1
C3,261.3
C3,261.7
C2,130.2
C2,130.2
C2,130.4
C2,131.3
C2,131.4
C2,130.6
C2,130.6
C2,130.3
C2,129.8
C3,261.2
C3,258.1
C2,131.4
C2,131.4
D2,144.8
D2,144.8
D3,295.0
D2,149.0
D2,149.0
C3,260.8
C3,261.1
C3,262.0
C3,258.3
C3,260.9
C3,261.0
C3,259.6
C3,261.7
C2,131.2
C2,131.3
C2,130.6
C2,130.7
C2,130.1
C2,131.3
C2,130.8
C2,130.8
C#1,69.6
E1,82.1
E1,82.1
B1,123.2
E2,164.3
E2,164.3
E2,164.3
E2,164.2
E2,164.2
E2,164.2
C3,260.4
C2,130.6
C2,130.7
C2,131.0
C2,132.4
C2,130.6
C2,130.6
C2,130.6
C2,130.6
C2,130.6
C2,130.6
C2,130.7
C2,130.4
C2,131.6
C2,131.2
C2,132.4
C2,130.7
C2,131.1
C2,130.7
C2,130.7
C2,131.4
C2,131.1
C2,131.6
C2,130.4
B0,62.6
B0,62.1
B0,61.9
C3,261.0
C3,259.9
C3,260.3
F3,352.0
F3,352.1
G1,100.3
C1,65.0
B0,62.2
A#1,116.8
F1,87.7
B0,62.2
C1,65.7
C1,65.4
C1,65.4
C3,260.0
C3,260.0
C3,259.3
G#2,211.9
A2,216.0
A2,218.2
D1,72.6
C1,64.4
C#1,67.9
A1,111.0
A1,111.0
F#2,186.2
F#2,186.2
C3,257.4
C3,258.6
C3,260.4
C3,259.1
C3,258.8
D2,145.3
F2,175.9
D3,285.4
C3,260.4
D3,289.2
D3,289.8
D3,285.7
D3,289.1
D3,292.8
D3,292.7
D3,292.6
C3,261.1
D3,288.7
D3,289.7
D3,288.9
D3,285.8
C3,260.7
C3,260.8
A2,224.0
A2,224.9
A#2,228.8
A#2,230.0
A#2,231.7
A#2,232.3
A#2,235.4
A#2,236.0
B2,243.4
B2,244.2
B2,245.4
B2,246.0
B2,248.6
B3,504.1
C#3,270.2
C#3,270.2
C#3,270.3
C#1,67.6
C3,257.4
C3,260.3
C3,259.9
C3,259.9
C3,258.6
C3,260.3
C3,259.4
C3,259.6
C3,259.7
C3,263.7
D3,289.7
D3,289.6
D3,292.2
D3,293.0
D3,292.4
D3,292.2
D3,290.3
E3,325.2
E3,327.9
E3,327.8
E3,328.4
E3,328.4
E3,327.4
E3,327.4
F3,348.7
F3,353.3
F3,353.2
F3,353.3
F3,347.7
G3,392.0
G3,395.0
G3,389.7
G3,391.0
G3,393.2
G3,390.1
G3,390.1
A3,446.0
A3,446.0
A3,446.6
A3,444.7
A3,444.8
A3,445.7
B3,495.9
B3,489.8
B3,489.9
B3,491.3
C3,256.2
C3,259.8
C3,259.7
C3,260.4
C3,261.3
C3,261.7
B4,974.7
B4,974.4
B4,975.3
C3,257.4
C3,259.6
C3,259.7
C3,261.0
C3,263.7
C3,260.9
C3,261.0
G3,390.6
G3,390.6
G3,393.1
G3,390.6
G3,390.0
G3,392.8
C3,258.0
C3,259.6
C3,259.7
C3,261.1
C3,261.1
C3,261.0
C3,260.9
E3,325.3
E3,328.0
E3,328.9
E3,328.4
E3,328.4
E3,327.6
A#1,115.9
A#1,115.8
C#1,69.3
B1,124.7
B1,124.8
B1,124.8
B1,124.8
C2,133.4
C3,260.4
C3,259.3
C3,261.7
C3,257.4
C3,257.6
C2,131.3
C2,131.4
C3,257.8
C2,130.7
C2,130.6
C2,131.6
C2,130.2
C2,130.7
C2,130.6
C2,130.6
C2,131.2
C2,130.1
C2,130.7
C2,131.8
C2,130.4
C1,64.3
C1,64.3
C1,64.1
C3,258.1
C3,258.4
C2,131.6
C2,131.7
C2,131.2
C2,131.6
C2,130.3
C2,131.3
C2,130.6
C2,130.6
C2,131.6
C2,130.7
C2,131.6
F#2,187.3
F#2,187.4
F#2,187.6
F#2,188.1
D#3,302.6
C3,257.7
C2,131.1
C2,131.1
C2,131.1
D#3,310.8
C#1,70.4
A2,216.0
A2,219.6
A2,220.3
A2,221.3
A2,223.2
A2,225.7
A#2,228.3
A#2,229.0
A#2,232.1
A#2,232.2
A#2,234.9
A#2,237.0
A#2,237.6
A#2,239.4
B2,241.3
B2,244.0
B2,244.7
B2,244.8
B2,247.4
B2,247.8
B2,250.7
B2,250.7
B2,251.4
B2,254.0
C1,64.3
G2,197.0
C1,66.7
C#1,67.7
C#1,68.1
C#1,68.3
C#3,276.4
C#3,276.7
C#3,276.9
C#3,276.9
C#3,276.8
C#3,276.9
C#3,276.9
C#3,277.0
C#3,277.0
C#3,276.8
C#3,277.0
C#3,277.0
C#3,277.0
C#3,277.0
C#3,277.0
C#1,69.2
C#1,69.2
B0,62.4
C#1,69.1
C#1,69.0
C#1,69.0
C#1,69.2
C#1,69.1
C#1,68.9
C#1,68.8
C#1,68.8
C#2,137.3
C#2,137.2
C3,258.0
F2,175.6
F2,177.6
F2,177.2
C1,64.2
C1,64.4
C1,65.2
C1,66.7
C#1,68.2
C#1,68.8
C#1,70.0
C1,66.0
C1,63.6
C1,65.2
C1,65.2
B0,62.3
B0,62.0
C1,64.2
B0,63.2
B0,62.0
C#1,67.3
C1,65.2
B0,62.2
B0,62.6
B0,62.7
C1,65.8
G1,96.1
C1,64.6
G1,97.0
G2,194.8
G1,98.0
G2,196.7
G2,196.8
G2,198.9
C#1,70.2
D1,73.4
D1,72.1
C1,64.1
C1,64.3
G#2,210.8
G#2,212.0
G#2,213.1
C1,64.2
A#2,236.0
A#2,237.9
A#2,238.6
B1,121.9
B1,121.9
B2,246.8
B2,249.0
B2,250.9
B2,251.0
B2,253.4
B2,253.4
C2,128.6
C2,131.4
C1,67.1
C1,67.2
C#1,67.8
C#1,68.2
C#1,68.4
C#1,68.9
C#1,68.9
C#1,69.0
C#1,69.0
C#1,68.9
C#3,275.9
C#3,275.9
C#1,69.1
B0,63.3
B0,62.0
G#1,104.3
C3,258.7
C3,260.9
C3,258.2
C3,260.3
C3,260.3
C3,260.8
C3,259.4
C3,261.7
C3,261.6
G1,100.2
G1,100.1
G1,99.6
C1,66.0
C1,66.0
C1,66.0
G1,98.4
C1,64.8
C1,64.9
C1,64.3
C1,64.3
C1,64.2
C1,64.2
C1,63.9
C1,63.8
C1,66.3
B0,63.4
C1,64.8
C1,64.9
C1,65.7
C1,65.6
C1,67.2
C#1,68.8
C#1,69.4
C#1,69.4
C#1,69.9
A2,216.4
A1,112.0
A#2,228.1
A#2,229.7
A#2,230.9
A#2,232.6
A#2,233.9
A#2,235.3
A#2,237.4
A#2,239.0
B2,241.4
B2,242.4
B2,244.6
B2,245.1
B2,246.1
B2,248.9
B2,249.0
B2,250.8
C2,128.3
C1,65.0
C1,65.1
C1,65.4
C1,65.7
C1,66.0
C1,66.7
C#1,67.8
C#1,68.0
C#1,68.2
C#1,68.8
C#1,69.0
C#1,69.1
C#3,276.9
C#3,277.0
C#3,277.0
C#1,69.0
C#1,69.0
C#1,69.0
C#1,69.2
C#1,69.3
C#1,69.0
C#1,69.0
C#1,69.3
C#1,69.2
C#1,69.2
C#1,69.3
B2,253.8
A1,110.1
D1,73.1
C1,66.0
C1,66.2
C1,66.7
C1,65.8
C1,65.8
C1,65.8
F1,85.9
F2,172.0
D1,73.1
D1,73.1
G#1,100.9
G#1,101.0
E1,83.7
E1,83.1
G1,100.4
C1,67.1
C1,66.2
B0,62.3
B0,62.3
C#1,69.0
C1,64.1
C1,64.9
C1,64.8
C1,65.6
G#2,207.7
G#2,207.7
G#2,208.8
G#2,211.0
C3,265.9
D#3,311.8
D#3,319.0
A2,217.6
A2,217.7
A2,217.7
A1,110.3
A2,221.3
A1,111.8
A2,224.3
A2,225.3
A2,225.6
A#1,113.6
F#3,370.0
A#2,230.4
A#2,233.9
G2,195.2
A#3,464.1
C1,65.6
C1,66.7
B0,62.4
C1,66.0
C1,66.7
C1,64.7
E2,166.9
C#1,67.3
C#1,67.8
C1,65.7
C1,65.7
C1,65.9
E1,80.8
E1,80.7
E2,167.0
C1,64.2
B0,62.2
D#1,77.9
B0,62.3
B0,62.2
F#1,94.4
F#2,190.1
F#2,190.0
F#2,190.1
F#2,190.1
F#2,190.3
D1,71.9
C#1,70.1
C#1,67.6
C#1,71.1
C#1,71.2
C1,67.1
C1,65.1
C#1,68.7
A#2,232.9
C#1,67.7
C1,65.0
C1,65.0
C1,66.0
C1,64.3
C3,254.2
B2,253.8
B2,252.9
B2,252.2
B2,251.9
B2,251.4
B2,250.9
B2,250.3
B2,250.1
B2,249.7
B2,249.2
B0,62.1
B2,247.4
B2,247.4
B2,247.4
B2,247.4
B2,247.4
B2,247.4
B2,247.4
B2,247.6
B2,247.6
B2,247.6
B2,247.7
B2,247.7
B2,249.0
B2,249.3
C1,64.0
C1,64.2
C1,64.0
C1,66.3
C3,266.0
B0,62.0
B0,61.9
B0,62.7
B0,62.7
B0,62.0
B0,62.1
B0,62.2
B0,62.9
C1,64.0
C1,63.7
C1,64.9
C1,64.9
C#1,68.7
C1,67.0
C1,66.4
C#1,70.1
C1,66.1
C1,66.1
C1,64.6
D#1,76.6
D1,73.3
B0,62.7
E2,166.9
E2,166.8
E2,166.8
C1,64.7
C1,65.9
C1,66.1
C1,66.0
C#1,68.4
B0,62.7
B0,62.3
C1,64.8
C1,64.9
B0,62.1
B0,62.7
B0,62.0
C#1,68.0
C#1,68.1
C#1,68.0
G#2,203.2
G2,201.1
G2,200.3
G2,200.0
D#1,77.0
G2,198.1
G2,197.1
G2,196.6
G2,196.4
G2,196.1
B0,62.7
B0,62.7
E1,82.0
E1,83.0
D3,295.3
B2,247.2
B2,247.1
E3,336.2
E3,336.4
E3,336.0
B3,505.8
B2,253.0
B2,252.8
B2,252.8
C3,260.1
B2,250.1
D#1,78.2
C1,65.0
C1,65.2
C1,64.7
C1,67.0
C1,67.2
D#3,319.2
C#1,70.4
C#1,71.1
D3,285.3
D#1,75.7
D1,74.0
D1,72.6
D#1,77.9
D1,72.9
G#2,212.0
G#2,211.7
G#2,211.0
G#2,210.2
D1,75.3
D1,75.2
C1,66.6
D1,74.3
C1,66.3
C#1,68.0
C#1,67.6
C1,64.4
G#2,202.9
C1,66.1
C1,66.3
C1,65.0
B0,62.7
B0,62.8
C1,64.0
C1,64.0
C1,67.1
C1,67.1
C1,65.7
C1,65.6
C1,64.8
C1,64.7
C1,64.7
B0,63.3
B0,62.0
C1,67.0
C1,66.9
B0,61.6
C1,64.0
C1,64.3
B0,62.0
B0,62.0
B0,63.2
D1,75.0
C#1,68.6
B0,61.9
B0,62.0
B0,62.0
C#1,71.1
C#1,71.1
C#1,71.2
C#3,285.0
C#1,68.2
D3,286.4
D3,286.2
D3,286.3
D3,286.4
D3,286.4
C#1,71.2
D#1,77.0
C#3,280.4
C#1,69.8
C#1,69.6
C#1,69.6
B0,62.6
C#1,68.8
C#1,68.7
C1,66.1
C#1,68.2
C#1,68.0
C#1,67.8
C1,65.3
C#1,67.4
C1,66.9
C#1,67.8
C#1,68.2
C#1,68.6
C#1,68.9
D3,288.3
D3,289.7
D3,290.8
D3,292.0
D3,292.7
D3,292.0
D3,292.0
D3,290.8
D3,289.4
D3,287.7
D3,286.4
D3,285.9
D3,285.3
C#3,285.0
C#3,284.9
C#1,71.2
C#1,71.2
C#3,284.8
C#3,284.8
C#3,284.9
C#3,285.0
C#3,285.0
C#3,285.0
C#3,285.0
C#3,285.0
C#3,284.9
C#1,71.2
C#3,285.0
C#3,285.0
C#3,285.0
C#3,285.0
C#3,285.0
C#1,71.2
C#3,284.9
C#3,285.1
C#3,285.1
C#1,71.0
C#1,71.0
C#1,71.0
C#1,70.9
C#1,70.7
C#1,70.6
F#1,94.0
C#1,67.8
C#3,280.3
B0,62.0
C#1,69.6
C#1,69.6
C#1,69.3
C#1,69.2
C#1,69.0
C#1,68.9
C#1,68.8
C1,63.8
B0,62.4
D#1,76.0
D2,142.8
C1,67.0
C#1,70.2
C#1,69.9
C#1,69.9
C#1,69.6
C#1,69.6
C#1,69.4
C#1,70.4
C#1,69.4
C#1,69.4
C#1,69.6
C#1,69.4
C#1,69.4
C#1,69.3
C#1,69.4
C#1,69.4
C#1,69.4
C#1,69.4
C#1,69.4
C#1,69.4
C#1,69.1
C#1,69.0
C#1,69.0
C#1,68.9
C#1,68.8
C#1,68.8
C#1,68.7
C#1,68.6
C#1,68.4
C#1,68.3
C#1,68.2
C#1,68.2
C#1,68.1
C#1,68.0
C#1,67.9
C#1,67.8
C#1,67.7
C#1,67.7
C#1,67.4
C#1,67.3
C#1,67.3
C1,67.0
C1,67.0
C1,66.9
C1,66.8
C1,66.7
C1,66.6
C1,66.6
C1,66.3
C1,66.2
C1,66.1
C1,66.1
C1,66.0
C1,65.8
C1,65.8
C1,65.7
C1,65.6
C1,65.4
C1,65.2
C1,65.3
C1,64.8
C1,64.7
C1,64.4
C1,64.3
C1,64.3
C1,64.1
C1,64.0
C1,64.0
C1,63.8
C1,63.7
C1,63.6
C1,63.6
B0,63.2
B0,63.1
B0,63.1
B0,63.1
B0,62.8
B0,62.7
B0,62.6
B0,62.6
B0,62.4
B0,62.3
B0,62.2
B0,62.1
B0,62.0
B0,61.8
B0,61.8
B0,61.7
B0,61.6
B0,62.0
B0,62.0
B0,61.3
B0,61.9
B0,61.9
B0,61.9
B0,61.8
B0,61.9
B0,61.9
B0,61.9
B0,61.8
B0,61.3
B0,61.8
B0,61.2
B0,61.2
B0,61.9
B0,62.0
B0,62.0
B0,61.8
B0,61.2
B0,61.2
B0,61.8
B0,61.2
B0,61.7
B0,61.9
B0,61.8
B0,61.8
B0,61.8
B0,61.9
B0,61.2
B0,61.3
B2,247.0
B0,61.2
B0,61.6
B0,61.7
B0,61.8
B0,61.3
B0,61.7
B0,61.7
B0,61.6
B0,62.0
B0,62.2
B0,62.6
B0,63.0
B0,63.1
C1,64.0
C1,64.6
C1,64.7
C1,65.1
C1,65.7
C#1,67.6
C#1,68.2
C#1,68.3
C#1,68.7
C#1,69.2
C#1,69.2
C#1,69.4
C#1,69.6
C#1,69.6
C#1,69.8
C#1,69.8
C#1,69.7
C#1,69.7
C#1,69.8
C#1,69.8
C#1,69.7
C#1,69.8
C#1,69.8
C#1,69.8
C#1,69.8
C#1,69.8
C#1,69.8
C#1,69.8
C#1,69.8
C#1,69.8
C#1,69.8
C#1,69.8
C#1,69.8
C#1,69.8
C#1,69.8
C#1,69.8
C#1,69.8
C#1,69.8
C#1,69.8
C#1,69.8
C#1,69.8
C#1,69.8
C#1,69.8
C#1,69.8
C#1,69.8
C#1,69.8
C#1,69.8
C#1,69.8
C#1,69.8
C#1,69.8
C#1,69.8
C#1,69.8
C#1,69.8
C#1,69.8
C#1,69.8
C#1,69.8
C#1,69.8
C#1,69.8
C#1,69.8
C#1,69.8
C#1,69.8
C#1,69.8
C#1,69.8
C#1,69.8
C#1,69.8
C#1,69.8
C#1,69.8
C#1,69.8
C#1,69.9
C#1,69.8
C#1,69.8
C#1,69.9
C#1,70.0
C#1,70.2
C#1,70.6
C#1,70.8
C#1,71.0
D1,71.6
D1,72.1
D1,72.4
D1,72.9
D1,73.1
D1,73.2
D1,73.9
D1,73.9
D1,74.3
D1,74.7
D3,300.9
D#1,76.6
D#1,76.8
D#1,76.9
D#1,77.1
D#1,77.4
D#1,77.4
D#1,77.4
A#2,232.7
D#1,76.4
D#1,76.2
D#1,76.0
D#1,75.9
D2,147.0
D1,73.0
D1,72.6
D1,72.3
D1,71.9
D1,71.8
C#1,68.1
C1,65.3
C#1,67.3
C#3,280.3
C#2,140.2
D#1,76.1
B0,62.2
C1,67.2
C1,63.8
C1,63.9
C1,66.0
C1,67.0
C1,67.2
C#1,68.2
C#1,68.4
C#1,69.7
C#1,68.6
G#1,101.9
G#1,105.3
F1,87.3
D#1,77.1
C1,64.7
C1,64.8
F1,86.3
G1,99.8
C1,66.6
D#1,78.8
C#1,68.9
B1,126.8
B1,126.8
C#1,68.4
D1,74.9
B0,62.7
E1,84.1
D1,75.3
D1,74.1
D#1,75.8
C#1,67.9
D#1,75.9
D#1,75.7
B0,62.8
A#1,117.9
D1,71.6
D#1,78.8
B0,63.0
B0,61.4
D1,73.8
C#1,69.8
B0,62.4
C1,66.8
C1,64.7
D1,72.3
D1,72.3
C1,65.3
C1,64.7
C1,64.7
C1,64.7
B0,62.2
F#1,93.8
D1,72.1
B0,62.8
C1,63.7
C1,63.8
E1,84.3
C1,65.3
D1,72.8
D1,74.3
C#1,70.8
C#1,70.9
C#1,69.6
C#1,70.0
B0,62.8
D#1,76.8
D#1,76.8
C1,66.2
C1,64.0
C#1,70.1
C1,63.9
C1,64.4
C1,64.6
C1,64.0
D1,75.0
C#1,68.4
C#1,68.8
C1,64.4
C#1,68.1
C1,63.6
C1,63.8
C1,63.7
B0,63.3
B0,62.4
C#1,67.7
C#1,67.7
C#1,68.6
C1,65.0
C1,64.8
C1,64.8
E1,81.9
E1,84.2
G2,191.4
E1,81.2
C1,65.1
C#1,69.2
C#1,69.1
C#1,69.1
B0,62.0
E1,81.8
C1,67.0
E1,83.3
C#1,70.2
C#1,67.6
C1,67.2
C#1,70.1
B0,62.7
B0,63.3
D1,73.1
D1,73.9
C#1,71.1
C#2,136.2
C#1,67.3
C1,64.8
C1,65.7
B0,63.0
C#1,68.2
C#1,68.9
A1,109.0
D#1,76.0
D#1,77.3
C#1,69.3
D1,71.3
C#1,70.3
D#1,75.8
B1,124.0
D1,74.4
D1,73.6
D1,73.6
C#1,68.9
D1,73.6
D1,73.4
D#1,76.7
D#1,76.4
G#1,104.8
C#1,68.1
C1,64.8
E1,82.0
E1,84.8
C#1,69.3
B0,63.0
F1,86.0
C#1,70.1
C#1,68.3
C#1,68.4
C1,64.7
D1,74.8
D1,73.9
C#1,69.1
A#1,119.9
C1,66.6
E1,81.8
B0,62.6
D#1,77.9
C1,66.9
D1,73.0
B0,63.2
D#1,79.3
D#1,78.2
D#1,77.2
B0,62.9
D#1,76.7
C#1,69.6
C#1,69.9
C#1,69.9
C1,65.8
G1,96.0
D1,73.1
C#1,71.0
C#1,70.8
E1,82.2
B2,244.8
B0,62.6
B0,62.6
B0,61.8
C#1,67.7
C1,65.3
C#1,70.4
C#1,69.6
A2,218.2
C#1,69.8
D#1,77.0
D#1,79.3
F#4,742.3
F1,85.9
E1,84.2
C#1,68.2
B0,62.0
B0,62.0
C1,65.3
C1,63.8
D#1,75.9
D1,75.4
D1,74.7
C#1,68.8
C#1,69.1
C#1,69.6
C#1,69.2
D#1,77.6
F1,88.7
C1,65.9
C1,65.9
C1,66.3
D1,71.7
D1,73.3
D1,73.0
C#1,67.7
C#1,67.8
C1,63.9
C1,64.4
D1,72.9
C#1,69.4
C#1,70.9
C1,64.4
C1,67.1
B0,62.6
C1,64.7
C1,64.7
C1,66.6
C1,66.7
B1,120.6
A#1,118.8
A#1,118.8
A#1,118.3
C#1,68.7
B0,62.8
D1,72.8
D1,74.3
C#1,68.6
C#1,68.4
C1,65.2
C#1,69.0
C#1,69.2
C#1,69.2
C#1,71.0
C#1,70.6
E1,83.3
E1,83.0
B0,62.1
B0,62.4
B0,62.6
B0,62.1
D#1,76.9
C#1,67.9
C#1,68.0
C#1,70.2
C#1,67.7
D1,74.0
D1,74.2
D1,74.3
B0,62.9
B0,62.8
C1,63.8
B0,63.4
E1,83.2
C#1,69.0
C#1,69.0
D1,75.4
C1,67.0
C1,66.8
C1,65.2
B0,62.4
B0,62.8
D1,72.9
D1,72.1
D1,72.4
B0,62.0
C#1,68.1
C1,66.8
C#1,68.6
C#1,68.6
C#1,69.8
C1,64.3
C#1,70.3
C#1,69.8
C#1,69.1
G1,99.3
C#1,70.8
C#1,67.8
D1,75.0
C1,66.6
C1,64.3
C#1,67.8
C#1,68.1
C#1,67.9
G1,97.0
E1,84.1
E1,84.1
C#1,70.4
C#1,70.6
C#1,70.6
C#1,70.6
C#2,136.3
D1,72.1
D1,73.8
C#1,68.0
D1,75.3
C#1,69.7
C1,63.9
E1,82.0
C#1,70.6
D1,71.7
E1,83.6
E1,83.6
E1,84.6
E1,83.8
B0,61.4
B0,62.4
B0,62.1
C#1,68.2
D1,75.0
C#1,67.4
D1,74.3
D1,74.1
F1,86.1
F1,86.8
C1,65.8
D1,72.1
D1,71.9
D1,74.9
E1,81.9
C1,63.8
C#1,67.6
D#1,78.8
D#1,78.0
C1,65.7
C1,65.0
C1,64.1
D#1,76.9
C1,65.8
C#1,68.2
B0,62.3
B0,62.8
C1,63.9
C1,66.4
D#1,78.0
B0,61.9
B0,63.0
B0,63.2
E1,81.8
C#1,68.1
B0,62.1
B0,62.6
C#1,68.9
C1,64.9
C#1,68.0
C#1,70.0
C#1,70.0
C#1,70.1
C1,64.0
C1,64.2
C1,64.0
C1,63.7
C1,64.2
D1,75.2
B0,62.7
D1,73.6
E1,82.7
C1,65.7
C1,64.6
C1,64.6
E1,83.6
C1,66.8
E1,81.3
B0,62.8
C1,64.8
C1,64.2
D1,73.9
F1,89.6
B0,62.9
B0,62.0
D#1,76.3
C#1,68.1
B0,62.9
D#1,80.0
D1,72.0
B0,63.1
B0,63.2
C1,66.1
D#1,80.0
C1,64.6
C1,65.0
C1,63.9
B0,63.0
C1,66.9
B0,62.2
F1,87.7
F1,87.1
B0,62.8
C#1,69.0
C#1,68.3
B0,62.1
B0,62.1
B0,62.4
C1,65.0
B0,62.3
B0,62.8
A1,112.9
C#1,69.8
C#1,70.9
C#1,67.6
C#1,67.3
D1,75.0
C#1,69.2
C#1,68.0
C#1,68.1
C1,66.2
C1,64.0
C1,64.0
D1,71.6
D1,71.4
B0,62.1
C1,67.0
B0,62.6
C#2,135.4
C1,65.9
D1,74.0
C#1,70.1
C1,65.1
B0,61.9
C#1,67.6
C#1,69.0
D#1,76.0
C#1,68.0
C#1,68.0
B0,62.6
C#1,68.2
C#1,68.1
C#1,67.6
C#1,69.6
D1,72.4
C#1,68.0
D#1,78.0
D#1,77.0
C1,66.6
C1,65.1
C2,132.9
C2,132.8
C#1,67.8
D#1,77.0
C1,65.8
D1,74.1
C1,65.2
F#1,93.4
C#1,67.3
C1,65.3
C#1,70.0
C#1,70.0
C#1,69.9
E1,81.4
F1,85.7
C1,67.2
C#1,67.4
G1,97.9
E1,84.7
C#1,67.6
C1,66.9
B0,63.0
F1,85.7
F1,87.2
D1,73.0
D1,73.0
B0,61.8
B0,63.3
C1,64.1
C1,64.1
C1,64.9
B0,63.0
C#1,69.3
C#1,69.3
C#1,68.8
C#1,69.0
C#1,70.2
C#1,68.1
B0,61.9
C1,66.0
C1,66.0
C#1,68.2
C1,67.1
C#1,68.7
C#1,68.9
E1,84.3
C#1,68.9
C1,64.0
C1,65.0
C1,66.7
D#1,76.8
E1,84.8
D1,74.1
E1,82.3
C1,66.1
E1,84.1
D#1,78.7
D#1,76.9
B0,62.9
B0,62.8
B0,63.1
C1,67.2
C1,65.8
C#1,67.8
C1,64.4
D1,75.0
C1,66.6
C1,67.2
C1,64.1
C1,63.8
G1,100.1
C#1,67.8
C#1,71.0
C#1,68.6
C1,66.9
C1,64.9
C#1,69.0
D1,72.9
D1,73.0
F#1,93.0
C1,64.7
C#1,68.7
C1,64.3
C1,66.6
C1,65.3
B0,62.8
C#1,69.6
D1,72.8
D1,75.6
C#1,67.4
C#1,71.2
C#1,67.6
C#1,67.7
C1,64.4
C1,66.6
C#1,68.8
C#1,69.7
C#1,68.4
D1,73.4
D1,71.4
C#1,70.4
C#1,69.1
B0,63.3
C1,65.0
E1,80.7
E1,80.7
A#1,119.8
B0,62.1
C#1,68.4
D#1,76.0
C#1,69.9
C#1,69.3
B0,62.0
B0,62.0
C#1,69.0
B0,62.2
B0,62.2
B0,61.9
B0,61.7
C1,66.8
C1,65.2
D1,74.0
F1,86.3
F1,87.1
C#1,68.7
B0,63.2
D1,71.8
D#1,75.8
C#1,68.4
C#1,68.7
C#1,67.6
D1,73.0
D1,72.7
C1,65.2
C#1,69.2
C#1,69.0
C#1,68.7
C#1,68.8
C1,66.2
C1,64.4
C1,64.4
C#1,68.2
E1,80.1
F#1,92.3
F#1,92.4
C#1,68.0
C1,67.1
B0,63.3
E1,83.0
C#1,71.0
C#1,67.4
C1,67.0
E1,84.1
E1,84.2
E1,81.0
C1,66.3
C1,65.3
C1,65.7
C1,65.7
C1,64.1
C#1,68.1
D#1,78.4
C1,66.4
C1,65.2
B0,63.2
C#1,67.8
C#1,70.1
B0,62.6
C1,64.8
C1,64.7
B0,62.4
C1,63.7
C1,63.7
C1,64.2
C1,65.9
B0,62.4
B0,62.2
B0,62.6
C#1,68.8
C#1,67.7
C1,65.8
C1,64.3
F1,87.3
C#1,68.9
G1,100.7
B0,62.1
A2,219.1
C1,64.3
C1,64.0
C1,64.0
B0,62.0
D1,74.2
C1,65.9
C1,64.4
C1,65.1
C1,64.1
C#1,68.8
C#1,71.2
C#1,71.2
E1,83.3
F1,88.1
C1,67.0
C1,63.9
C1,64.2
D1,74.3
C#1,71.0
D1,73.8
C#1,68.8
C1,64.8
C1,65.0
C#1,70.1
C#1,67.3
C#1,67.3
C#1,68.6
C#1,67.4
C#1,71.0
C#1,68.0
D1,73.0
D1,75.1
D1,73.7
C#1,71.0
D1,73.0
C1,66.3
C#1,69.6
C1,65.8
C1,64.1
C1,63.9
C1,63.9
C1,65.3
B0,62.3
C1,66.4
C1,66.2
D#1,77.0
D1,72.4
C1,67.1
D#1,76.2
F1,89.0
C#1,69.7
C1,67.0
B0,62.4
D1,73.0
C#1,67.3
F1,85.2
D1,72.0
F1,86.9
B0,62.1
D1,74.6
C1,64.2
C#1,67.8
C#1,70.3
C#1,70.3
E1,82.0
D1,71.4
D1,75.0
D1,74.7
C1,64.7
D#1,79.6
C#1,69.9
D#1,79.9
E1,80.3
C#1,69.9
C#1,71.1
B0,62.0
C#1,70.7
D1,73.4
C1,64.1
E1,82.9
C#1,68.6
C1,66.6
C1,66.2
C1,65.1
C1,66.9
C1,66.9
B0,62.2
B0,61.8
C1,64.8
C#1,68.1
B0,63.3
C1,63.6
D#1,77.9
C#1,68.2
B0,62.8
C#1,67.7
C1,66.2
C1,63.8
C1,63.8
B0,62.0
B0,62.3
B0,62.4
B0,62.0
B0,61.9
C#1,71.1
E1,81.2
E1,82.6
D1,74.4
D1,74.9
D1,71.7
D#1,79.0
D1,71.8
D1,74.7
C#1,68.6
C#1,68.2
C1,65.4
C1,66.9
D1,72.3
F1,84.9
C#1,68.4
C#1,67.6
C#1,67.6
C#1,70.1
B0,62.1
C#1,68.9
C#1,68.6
D#1,78.3
D#1,76.3
D#1,77.8
D#1,79.3
C#1,68.6
C#1,68.7
C#1,68.0
D1,72.3
D1,72.3
D1,72.1
C#1,67.8
C#1,67.9
F#1,93.4
B1,120.3
B0,62.6
B0,62.7
C#1,70.1
C1,63.7
C#1,68.0
C1,65.7
C1,65.0
C1,66.4
C1,64.6
C1,64.4
C1,64.0
D1,72.0
B0,62.7
C#1,69.7
E1,84.3
D#1,78.1
C1,64.9
C1,66.6
C#1,68.6
C1,66.3
B0,63.2
B0,62.8
B0,62.6
C1,64.6
B1,120.6
B1,120.6
C#2,137.0
B1,126.7
A#1,119.2
B1,120.3
C2,128.3
B0,62.9
B0,63.0
B1,120.3
C1,66.1
B1,126.6
B1,126.6
C#1,69.0
B0,63.0
B0,62.3
C1,63.8
C1,63.8
C1,64.9
C1,67.0
C#1,67.6
C#1,68.6
B0,63.3
B0,63.2
B0,62.4
C#1,71.2
C1,65.7
C#1,69.0
D1,72.7
C#1,68.9
B1,126.4
E2,162.4
D1,74.1
D1,73.4
E1,82.0
C#1,68.1
C#1,67.7
D1,71.4
C#1,69.7
C#1,68.0
C1,66.6
C1,65.3
B0,62.4
C1,63.9
C1,64.1
C1,64.1
C1,64.1
A#1,114.8
D1,72.3
C#1,69.7
C#1,70.0
B0,63.0
C1,66.9
B0,62.8
E1,83.7
C#1,68.0
C#1,69.2
F#1,89.9
F1,85.7
B0,62.7
C1,64.9
D#1,76.0
D#1,78.4
D#1,76.6
C#1,67.8
C1,64.3
C1,66.9
C1,66.0
C1,66.1
C1,64.6
C2,129.3
D#1,76.7
C#2,141.1
C#2,141.1
C#1,69.0
C#1,68.4
D1,72.9
C1,66.9
C#1,68.2
C1,65.0
D#1,76.0
D2,147.9
D#1,76.7
E2,167.0
G1,98.2
G1,97.8
C#1,68.6
C#1,68.6
F1,87.7
B0,62.3
B0,61.9
B0,62.9
D#1,76.1
D1,74.3
C1,65.3
B0,62.7
B0,62.6
C#2,137.3
C#2,135.1
C#1,69.0
C#1,70.2
C#1,68.3
C#1,70.2
D1,71.3
F1,88.3
C#1,70.1
D#1,79.7
B0,62.1
B0,63.0
B0,63.1
B0,63.0
B0,63.1
B0,63.2
B0,63.2
E1,82.3
C#1,67.3
C1,64.7
D1,73.1
D1,72.6
B0,63.3
D1,72.3
D1,72.1
D1,72.1
D1,72.1
D1,72.1
D1,72.0
D#1,76.7
C#1,67.7
C2,133.7
D1,74.6
C#1,68.3
D1,74.6
C#1,68.2
C#1,68.0
C#1,68.0
B0,63.0
B0,63.0
E1,83.4
D1,73.9
D1,72.6
D1,71.9
D#1,76.3
D#1,76.6
G#1,105.6
G#1,103.6
E1,82.4
E1,82.4
C1,65.8
C1,66.6
C1,64.0
C#1,68.9
C#1,68.9
B0,63.2
C1,64.8
C1,65.4
C1,65.6
B0,63.2
D#1,78.0
C1,63.7
C1,63.7
C1,63.7
C1,63.6
C1,64.2
B0,63.2
B0,61.3
B0,61.1
D1,74.7
D#1,76.3
B0,63.0
C#1,70.0
C#1,70.3
D1,75.4
E1,81.0
D1,74.0
C#1,69.4
D1,74.3
B0,62.6
C2,132.1
C2,132.0
C2,127.6
C2,127.7
C#1,71.2
D1,71.4
D1,74.1
C1,67.2
D1,73.3
D1,73.3
D1,73.4
C#1,68.2
C#1,68.7
C#1,68.7
C#1,69.1
F1,87.2
F1,87.1
F#1,91.0
C1,66.2
C1,65.0
D1,71.3
D1,71.9
D1,73.8
D1,73.0
C#1,70.7
C#1,68.4
C#1,68.3
C1,65.8
C#1,67.7
D1,73.2
D1,72.0
E1,82.0
E1,83.1
E1,81.4
C#1,68.2
C#1,68.6
C#1,68.6
F1,85.1
C#1,68.0
C#1,69.4
C1,65.0
C#1,67.7
C#1,68.1
C1,64.0
E1,84.4
D#1,79.2
D#1,76.6
D#1,76.6
D#1,79.3
C#1,67.3
D1,71.8
A#1,115.7
D1,71.8
D1,72.6
C#1,70.8
D1,74.7
C#1,68.3
C#1,68.3
C#1,68.1
C#1,67.4
B0,62.2
C#1,67.6
C#1,67.6
A1,109.8
A#1,114.4
D1,74.8
C#1,67.7
C1,66.2
C1,65.0
C1,65.0
C1,67.2
C#1,69.3
C#1,68.9
C1,65.8
C1,65.8
C#1,69.2
C#1,68.8
C#1,69.6
D1,73.8
C#1,69.3
C#1,67.9
C2,133.2
B0,61.9
C#2,140.3
C1,65.2
D1,74.4
C1,63.6
D1,71.8
D1,71.4
E1,81.7
E1,81.6
C#1,69.7
D1,73.0
D1,73.1
C1,65.8
F#1,93.7
F#1,93.7
C#1,70.2
D1,71.6
D1,74.0
D1,71.7
D1,72.0
D1,72.1
D1,74.0
D1,73.8
B0,63.2
C#1,70.0
C#1,70.8
C1,63.7
C1,67.1
B0,62.8
B0,62.8
B0,63.1
B1,123.1
D1,71.3
B1,123.9
B1,123.8
B1,123.6
B1,121.7
C#1,69.0
D1,72.1
C1,65.3
C1,63.6
D1,74.9
A#1,117.4
G#1,104.6
C#1,69.8
C1,63.8
C1,65.1
C1,65.0
C1,66.3
A#1,115.2
C1,67.0
C1,64.1
C1,64.1
C#1,70.9
F1,86.0
C#1,70.9
C#1,71.0
C#1,67.7
C#1,69.8
C1,65.4
C#1,71.2
C#1,70.6
A#1,115.6
F#1,92.2
A#1,115.3
C#1,70.7
C1,64.3
A#1,115.9
B1,120.0
C#1,69.1
A1,109.6
C#1,69.3
C1,66.6
C1,66.7
D1,73.4
C#1,67.3
C#1,68.0
C#1,68.2
D1,71.6
D1,75.0
C1,64.0
C1,63.6
C1,65.1
C1,65.1
C1,67.0
D1,74.8
D1,74.8
D1,72.4
D1,71.4
D1,73.3
D1,72.9
C#1,67.3
C#1,70.6
C#1,69.9
G#1,104.9
G#1,104.8
G#1,105.3
C#1,68.9
F1,89.0
F1,89.0
C1,66.3
E1,83.9
C#1,68.9
B0,63.4
B0,63.4
D1,74.2
C#1,69.1
C#1,69.1
C#1,69.2
C#1,69.3
C#1,70.0
D1,75.1
C1,66.3
C#1,69.3
D1,75.0
C1,67.0
F1,85.9
F1,86.6
D1,74.4
D1,74.0
B0,62.7
B0,62.3
A#1,119.9
B0,62.0
D#1,78.0
C1,66.1
C1,63.9
G#1,106.0
G#1,106.6
G#1,106.7
F#1,91.2
F#1,94.7
D1,71.4
C#1,68.0
C1,65.3
B0,62.1
B0,62.7
B0,62.6
C#1,69.0
D1,73.1
B1,122.7
A#1,118.7
C#1,71.1
C#1,69.2
C1,66.7
D#1,76.4
B0,63.1
G#1,105.6
F#1,92.7
B0,62.8
C1,67.0
C#1,68.9
C1,64.3
C#1,69.3
C#1,68.9
C1,63.7
C1,63.9
A#1,117.6
C1,65.0
C#1,67.4
B0,62.2
B0,62.0
B0,62.0
B0,62.3
C#1,68.0
D1,71.9
D1,71.7
C1,65.3
C#1,68.2
D#1,79.1
C#1,69.8
C#1,70.4
B0,61.7
C#1,68.2
C1,64.4
D1,74.9
C#1,69.3
B0,62.4
D1,74.8
C1,65.6
C1,65.6
D1,75.0
D1,72.7
C1,66.0
E1,83.8
C#1,67.4
D#1,77.9
A#1,116.4
C#1,67.7
C1,64.3
A#1,119.1
A#1,118.7
C#1,67.6
E1,83.7
B0,62.6
B0,62.6
B0,62.6
C#2,136.1
C#1,68.1
C#1,67.6
C#1,68.7
C#1,68.4
C#1,67.4
D1,74.0
D1,73.0
D1,74.4
C#2,142.4
B0,63.3
C1,67.0
C1,67.0
B0,62.8
B0,62.4
B0,62.6
C#1,69.4
C#1,68.3
C#1,68.4
C#1,70.1
C#1,70.1
C1,66.6
C#2,137.2
A1,109.3
C2,133.4
C1,66.7
C1,66.4
C1,67.1
B0,62.4
D2,149.9
C1,64.7
D1,72.8
D#1,77.3
C1,66.9
C1,65.7
C1,66.0
B0,63.1
B0,63.1
B0,62.2
B0,62.2
C1,67.1
C#1,67.7
B0,62.3
B0,61.6
C#1,68.3
C#1,71.2
C#1,69.3
D#1,76.7
D1,73.1
C2,128.3
C2,128.7
B0,62.9
B0,62.0
D#1,76.2
D#1,75.7
C1,65.1
C1,65.2
C1,65.4
D1,72.7
B0,62.0
C1,63.8
C1,64.0
G#1,103.7
A#1,115.3
B0,63.0
B0,62.0
B0,62.0
C1,64.3
C1,64.3
C1,65.8
D1,72.1
D1,72.0
C1,67.0
G1,98.9
C1,64.7
C1,64.4
C1,64.3
C1,64.6
D#1,78.7
B0,62.3
C#1,69.0
C#1,70.6
C1,64.0
F#1,89.9
F#1,89.9
C#1,71.1
B0,62.1
B0,62.2
D1,72.1
D1,72.0
D1,74.6
G1,96.1
G1,97.3
D1,75.4
C#1,68.2
B0,62.9
B0,61.9
D#1,76.7
D1,74.2
F1,88.7
B0,62.3
B0,62.3
B0,63.0
C#1,67.8
D#1,79.0
C#1,71.0
C1,65.0
C1,64.0
D1,72.4
C1,63.6
F#1,93.4
C#1,68.8
F#1,92.3
F#1,92.3
D1,73.3
C1,66.0
G#1,101.3
G#1,101.3
F1,88.9
C#1,67.8
D#1,79.6
E1,82.1
C1,66.0
F1,89.0
F1,88.0
C1,64.0
A1,111.9
A1,112.0
C#1,70.0
C#1,67.9
C1,66.2
B1,125.4
B1,127.0
B0,63.0
E1,83.7
E1,84.6
B0,63.3
D#1,78.7
C#1,69.1
D1,74.9
C#1,69.4
C#1,69.4
C1,66.6
B0,63.0
B0,62.9
C#1,70.6
G1,97.6
C#1,70.9
D#1,78.7
B0,62.0
A#1,119.3
A#1,119.2
C#1,67.9
D1,71.6
D1,75.4
B0,62.7
A#1,115.2
C#1,67.4
C#1,67.4
D#1,79.1
D#1,79.2
C1,64.1
C#1,69.8
C#1,68.0
C#1,68.8
C#1,70.3
C1,66.0
C#1,70.1
B0,63.3
C#1,67.6
C#1,67.6
C1,66.0
D#1,78.8
C1,64.1
A1,111.1
G#1,106.4
B1,125.0
D1,71.3
C#1,70.2
C#1,69.0
C1,64.9
C#1,69.3
C#1,69.3
A#1,116.9
C#1,68.7
C#1,68.3
C#1,70.0
D1,71.9
F#1,90.8
A#1,118.3
B1,123.2
C#1,67.3
A1,109.8
A1,109.8
C1,66.9
B1,121.8
C1,66.6
A#1,115.2
A#1,115.1
B0,63.3
C#1,68.2
B0,62.7
E1,80.6
C1,67.0
C1,65.4
C1,65.4
C1,65.3
C1,65.4
C1,65.1
C1,64.1
C1,64.1
C1,64.0
C1,64.0
C1,64.0
C1,64.0
C1,63.9
B0,63.2
B0,63.0
B0,63.0
B0,63.0
C#1,67.9
C1,63.8
B0,61.6
B0,63.2
B0,62.3
B0,62.7
C1,66.9
C#1,69.4
B0,61.7
B0,61.8
C1,66.3
B0,62.1
C1,65.4
C1,65.7
C1,65.2
G1,97.3
G1,97.4
G1,97.0
G1,96.7
G1,96.2
G1,96.1
G1,95.8
G1,95.8
D1,73.3
D1,72.1
D1,74.3
D1,71.7
D1,72.0
C#1,68.2
C#1,68.1
D1,74.0
E1,81.9
E1,81.2
E1,81.0
E1,80.6
E1,80.4
B1,123.3
D#1,80.0
D#1,79.8
E1,80.8
E1,80.9
C1,64.1
C1,64.6
C1,64.6
D#1,78.2
E2,165.3
C1,66.1
B0,63.1
C#1,68.8
C#1,68.6
C#1,71.2
D1,74.0
B0,62.9
B0,62.6
B0,61.8
B0,63.0
C#1,69.7
G#1,106.2
C1,64.2
C1,64.1
C1,64.2
C#1,68.3
D1,75.6
G1,95.7
G#1,103.7
G#1,102.1
G#1,101.4
G#1,102.0
B0,63.0
D#1,77.4
C#1,67.9
C#1,69.1
C#1,67.6
C#1,69.7
C#1,69.7
C#1,69.4
C#1,67.6
C#1,70.1
C#1,69.1
E1,82.0
B0,62.4
B0,63.0
A#1,114.7
C1,66.9
C1,66.4
C#1,68.0
F1,89.0
A#1,116.1
C#1,67.7
D1,71.6
D1,74.9
C#1,70.2
C#1,68.1
C#1,69.6
C#2,136.3
C1,64.0
C1,65.1
C1,66.4
C1,67.1
C1,65.1
D1,73.1
C1,64.3
C1,64.3
C1,63.6
C1,64.6
C1,64.3
D1,71.7
D1,71.4
C1,64.4
B0,62.0
B0,62.7
B0,62.0
B0,61.9
C#1,68.3
C#1,69.1
C#1,68.4
C#1,68.7
C1,64.1
C1,65.4
C1,66.2
C1,64.8
C1,64.8
C#1,68.9
C#1,67.8
D1,73.6
C1,65.7
C#1,69.2
C#1,70.9
C#1,69.7
B0,62.4
B0,63.0
C#1,68.1
C1,66.6
C1,67.1
C#1,68.0
C#1,68.0
C1,65.7
C1,67.1
C1,66.2
D#1,79.3
D1,75.3
D1,71.4
B0,63.0
C#1,69.7
C#1,69.4
D1,74.1
C#1,68.9
C#1,68.9
C#1,68.1
F#1,90.6
B0,62.6
F#1,93.0
C#1,68.4
D1,73.2
B0,62.6
C#1,67.4
F#1,93.2
F#1,94.3
F#1,94.8
C1,64.8
B0,62.0
D#1,77.7
B0,62.6
C1,63.7
C#1,68.3
A1,112.1
F1,88.0
A1,109.8
B0,63.4
B0,63.1
D1,72.1
D1,74.0
G#3,413.8
C#1,71.1
C#1,68.6
C1,64.0
C1,64.3
C1,65.0
C2,131.3
C2,131.3
C#2,139.0
C#2,139.1
C#2,139.0
C#2,138.4
B0,62.1
C1,66.7
E1,83.2
C2,131.3
C2,131.3
C2,131.3
C2,131.2
C2,131.6
C2,131.2
C2,131.2
C2,131.2
C2,131.3
C2,131.3
C#2,139.1
C2,131.2
C2,131.2
C2,131.2
C2,131.0
C2,131.3
C2,131.2
C2,131.2
C2,131.2
C2,131.3
C2,131.3
C2,131.3
C2,131.3
C2,131.2
C2,131.2
C2,131.6
C2,131.3
C2,131.3
C2,131.3
C2,131.2
C2,131.1
C#1,67.7
C1,67.0
C1,67.0
D2,147.3
D2,147.3
D2,147.2
E2,165.2
C#2,139.1
D2,147.3
D2,147.3
C2,131.3
C2,131.2
C2,131.1
C2,131.0
C2,131.1
C2,131.0
C2,131.2
C2,131.3
C2,131.3
C2,131.0
C#1,68.1
C1,65.1
C1,66.4
D3,294.9
D3,294.9
D3,294.2
D3,294.4
D3,294.8
D3,295.7
D3,295.2
D3,294.3
C#1,68.7
C#1,70.0
C1,65.8
C1,65.8
E4,668.2
E4,664.4
E2,166.1
